er,time
,2019-01-01
"1,106.91",2018-12-31
,2018-12-30
,2018-12-29
"1,110.08",2018-12-28
"1,114.34",2018-12-27
"1,113.94",2018-12-26
,2018-12-25
"1,112.66",2018-12-24
,2018-12-23
,2018-12-22
"1,117.61",2018-12-21
"1,113.84",2018-12-20
"1,118.60",2018-12-19
"1,120.28",2018-12-18
"1,117.90",2018-12-17
,2018-12-16
,2018-12-15
"1,112.76",2018-12-14
"1,116.32",2018-12-13
"1,118.10",2018-12-12
"1,113.45",2018-12-11
"1,107.01",2018-12-10
,2018-12-09
,2018-12-08
"1,106.62",2018-12-07
"1,102.46",2018-12-06
"1,098.70",2018-12-05
"1,102.56",2018-12-04
"1,109.09",2018-12-03
,2018-12-02
,2018-12-01
"1,110.58",2018-11-30
"1,117.61",2018-11-29
"1,118.40",2018-11-28
"1,118.60",2018-11-27
"1,119.19",2018-11-26
,2018-11-25
,2018-11-24
"1,117.71",2018-11-23
"1,119.98",2018-11-22
"1,116.22",2018-11-21
"1,116.12",2018-11-20
"1,117.41",2018-11-19
,2018-11-18
,2018-11-17
"1,118.99",2018-11-16
"1,121.07",2018-11-15
"1,124.34",2018-11-14
"1,120.68",2018-11-13
"1,114.44",2018-11-12
,2018-11-11
,2018-11-10
"1,107.21",2018-11-09
"1,109.69",2018-11-08
"1,111.27",2018-11-07
"1,111.47",2018-11-06
"1,114.24",2018-11-05
,2018-11-04
,2018-11-03
"1,127.41",2018-11-02
"1,127.80",2018-11-01
"1,129.19",2018-10-31
"1,127.21",2018-10-30
"1,129.19",2018-10-29
,2018-10-28
,2018-10-27
"1,127.11",2018-10-26
"1,120.87",2018-10-25
"1,124.44",2018-10-24
"1,119.59",2018-10-23
"1,122.95",2018-10-22
,2018-10-21
,2018-10-20
"1,121.27",2018-10-19
"1,113.75",2018-10-18
"1,116.81",2018-10-17
"1,122.06",2018-10-16
"1,121.96",2018-10-15
,2018-10-14
,2018-10-13
"1,131.07",2018-10-12
"1,121.17",2018-10-11
"1,120.38",2018-10-10
,2018-10-09
"1,119.39",2018-10-08
,2018-10-07
,2018-10-06
"1,117.01",2018-10-05
"1,105.23",2018-10-04
,2018-10-03
"1,099.79",2018-10-02
"1,099.09",2018-10-01
,2018-09-30
,2018-09-29
"1,101.57",2018-09-28
"1,105.43",2018-09-27
,2018-09-26
,2018-09-25
,2018-09-24
,2018-09-23
,2018-09-22
"1,108.70",2018-09-21
"1,111.77",2018-09-20
"1,115.03",2018-09-19
"1,114.93",2018-09-18
"1,108",2018-09-17
,2018-09-16
,2018-09-15
"1,109.98",2018-09-14
"1,116.02",2018-09-13
"1,115.53",2018-09-12
"1,116.81",2018-09-11
"1,111.86",2018-09-10
,2018-09-09
,2018-09-08
"1,109.98",2018-09-07
"1,106.42",2018-09-06
"1,103.05",2018-09-05
"1,102.36",2018-09-04
"1,102.16",2018-09-03
,2018-09-02
,2018-09-01
"1,097.71",2018-08-31
"1,097.71",2018-08-30
"1,098.90",2018-08-29
"1,103.15",2018-08-28
"1,110.58",2018-08-27
,2018-08-26
,2018-08-25
"1,109.59",2018-08-24
"1,107.51",2018-08-23
"1,107.01",2018-08-22
"1,110.48",2018-08-21
"1,114.34",2018-08-20
,2018-08-19
,2018-08-18
"1,119.39",2018-08-17
"1,120.77",2018-08-16
,2018-08-15
"1,122.36",2018-08-14
"1,115.03",2018-08-13
,2018-08-12
,2018-08-11
"1,106.72",2018-08-10
"1,107.61",2018-08-09
"1,114.44",2018-08-08
"1,112.26",2018-08-07
"1,116.81",2018-08-06
,2018-08-05
,2018-08-04
"1,111.37",2018-08-03
"1,108.10",2018-08-02
"1,106.72",2018-08-01
"1,105.53",2018-07-31
"1,108.80",2018-07-30
,2018-07-29
,2018-07-28
"1,108.40",2018-07-27
"1,116.22",2018-07-26
"1,123.84",2018-07-25
"1,117.21",2018-07-24
"1,123.45",2018-07-23
,2018-07-22
,2018-07-21
"1,119.88",2018-07-20
"1,117.61",2018-07-19
"1,113.94",2018-07-18
"1,117.41",2018-07-17
"1,112.16",2018-07-16
,2018-07-15
,2018-07-14
"1,116.52",2018-07-13
"1,109.59",2018-07-12
"1,102.66",2018-07-11
"1,101.17",2018-07-10
"1,106.62",2018-07-09
,2018-07-08
,2018-07-07
"1,107.21",2018-07-06
"1,104.14",2018-07-05
"1,109.88",2018-07-04
"1,106.22",2018-07-03
"1,106.02",2018-07-02
,2018-07-01
,2018-06-30
"1,110.48",2018-06-29
"1,106.72",2018-06-28
"1,104.04",2018-06-27
"1,104.93",2018-06-26
"1,097.81",2018-06-25
,2018-06-24
,2018-06-23
"1,097.91",2018-06-22
"1,096.92",2018-06-21
"1,094.44",2018-06-20
"1,093.35",2018-06-19
"1,080.48",2018-06-18
,2018-06-17
,2018-06-16
"1,071.67",2018-06-15
"1,064.34",2018-06-14
,2018-06-13
"1,062.76",2018-06-12
"1,062.46",2018-06-11
,2018-06-10
,2018-06-09
"1,057.22",2018-06-08
"1,058.90",2018-06-07
,2018-06-06
"1,060.19",2018-06-05
"1,065.24",2018-06-04
,2018-06-03
,2018-06-02
"1,065.63",2018-06-01
"1,070.48",2018-05-31
"1,065.33",2018-05-30
"1,062.46",2018-05-29
"1,067.91",2018-05-28
,2018-05-27
,2018-05-26
"1,068.90",2018-05-25
"1,068.01",2018-05-24
"1,072.96",2018-05-23
,2018-05-22
"1,069.20",2018-05-21
,2018-05-20
,2018-05-19
"1,068.50",2018-05-18
"1,067.91",2018-05-17
"1,061.87",2018-05-16
"1,055.93",2018-05-15
"1,057.91",2018-05-14
,2018-05-13
,2018-05-12
"1,064.54",2018-05-11
"1,070.48",2018-05-10
"1,067.41",2018-05-09
"1,065.93",2018-05-08
,2018-05-07
,2018-05-06
,2018-05-05
"1,065.73",2018-05-04
"1,064.15",2018-05-03
"1,056.82",2018-05-02
,2018-05-01
"1,065.43",2018-04-30
,2018-04-29
,2018-04-28
"1,068.90",2018-04-27
"1,067.91",2018-04-26
"1,066.13",2018-04-25
"1,058.21",2018-04-24
"1,056.62",2018-04-23
,2018-04-22
,2018-04-21
"1,052.86",2018-04-20
"1,055.83",2018-04-19
"1,057.71",2018-04-18
"1,062.36",2018-04-17
"1,059.30",2018-04-16
,2018-04-15
,2018-04-14
"1,058.01",2018-04-13
"1,055.73",2018-04-12
"1,057.02",2018-04-11
"1,056.82",2018-04-10
"1,055.34",2018-04-09
,2018-04-08
,2018-04-07
"1,048.90",2018-04-06
"1,047.02",2018-04-05
"1,047.22",2018-04-04
"1,047.51",2018-04-03
"1,053.75",2018-04-02
,2018-04-01
,2018-03-31
"1,055.83",2018-03-30
"1,058.70",2018-03-29
"1,061.47",2018-03-28
"1,070.38",2018-03-27
"1,069.99",2018-03-26
,2018-03-25
,2018-03-24
"1,058.50",2018-03-23
"1,060.68",2018-03-22
"1,060.29",2018-03-21
"1,060.48",2018-03-20
"1,058.90",2018-03-19
,2018-03-18
,2018-03-17
"1,055.14",2018-03-16
"1,055.14",2018-03-15
"1,055.14",2018-03-14
"1,053.65",2018-03-13
"1,058.50",2018-03-12
,2018-03-11
,2018-03-10
"1,057.71",2018-03-09
"1,058.01",2018-03-08
"1,064.64",2018-03-07
"1,069.69",2018-03-06
"1,070.48",2018-03-05
,2018-03-04
,2018-03-03
"1,071.08",2018-03-02
,2018-03-01
"1,060.29",2018-02-28
"1,062.96",2018-02-27
"1,067.71",2018-02-26
,2018-02-25
,2018-02-24
"1,072.07",2018-02-23
"1,064.54",2018-02-22
"1,059.59",2018-02-21
"1,057.32",2018-02-20
"1,069.10",2018-02-19
,2018-02-18
,2018-02-17
,2018-02-16
,2018-02-15
"1,071.97",2018-02-14
"1,072.56",2018-02-13
"1,081.77",2018-02-12
,2018-02-11
,2018-02-10
"1,076.92",2018-02-09
"1,072.46",2018-02-08
"1,083.35",2018-02-07
"1,078.90",2018-02-06
"1,065.93",2018-02-05
,2018-02-04
,2018-02-03
"1,061.77",2018-02-02
"1,058.90",2018-02-01
"1,060.68",2018-01-31
"1,059.89",2018-01-30
"1,051.77",2018-01-29
,2018-01-28
,2018-01-27
"1,055.04",2018-01-26
"1,054.64",2018-01-25
"1,060.98",2018-01-24
"1,057.91",2018-01-23
"1,056.92",2018-01-22
,2018-01-21
,2018-01-20
"1,057.81",2018-01-19
"1,057.81",2018-01-18
"1,054.05",2018-01-17
"1,053.65",2018-01-16
"1,049.79",2018-01-15
,2018-01-14
,2018-01-13
"1,055.34",2018-01-12
"1,060.19",2018-01-11
"1,059.89",2018-01-10
"1,057.51",2018-01-09
"1,051.87",2018-01-08
,2018-01-07
,2018-01-06
"1,050.78",2018-01-05
"1,055.14",2018-01-04
"1,054.15",2018-01-03
"1,056.23",2018-01-02
,2018-01-01
,2017-12-31
,2017-12-30
"1,060.68",2017-12-29
"1,061.57",2017-12-28
"1,064.34",2017-12-27
"1,067.41",2017-12-26
,2017-12-25
,2017-12-24
,2017-12-23
"1,069.59",2017-12-22
"1,070.88",2017-12-21
"1,075.04",2017-12-20
"1,076.32",2017-12-19
"1,079.59",2017-12-18
,2017-12-17
,2017-12-16
"1,078.20",2017-12-15
"1,074.94",2017-12-14
"1,082.96",2017-12-13
"1,077.81",2017-12-12
"1,081.77",2017-12-11
,2017-12-10
,2017-12-09
"1,083.85",2017-12-08
"1,082.56",2017-12-07
"1,076.82",2017-12-06
"1,077.12",2017-12-05
"1,075.33",2017-12-04
,2017-12-03
,2017-12-02
"1,077.41",2017-12-01
"1,071.18",2017-11-30
"1,072.76",2017-11-29
"1,078.90",2017-11-28
"1,076.03",2017-11-27
,2017-11-26
,2017-11-25
"1,075.73",2017-11-24
"1,076.22",2017-11-23
"1,080.58",2017-11-22
"1,085.93",2017-11-21
"1,085.53",2017-11-20
,2017-11-19
,2017-11-18
"1,085.43",2017-11-17
"1,094.14",2017-11-16
"1,105.33",2017-11-15
"1,108.89",2017-11-14
"1,109.59",2017-11-13
,2017-11-12
,2017-11-11
"1,106.82",2017-11-10
"1,102.95",2017-11-09
"1,103.45",2017-11-08
"1,099.79",2017-11-07
"1,105.83",2017-11-06
,2017-11-05
,2017-11-04
"1,101.17",2017-11-03
"1,102.16",2017-11-02
"1,107.11",2017-11-01
"1,111.17",2017-10-31
"1,115.03",2017-10-30
,2017-10-29
,2017-10-28
"1,119.69",2017-10-27
"1,113.94",2017-10-26
"1,118.50",2017-10-25
"1,117.51",2017-10-24
"1,123.35",2017-10-23
,2017-10-22
,2017-10-21
"1,117.90",2017-10-20
"1,120.38",2017-10-19
"1,118.30",2017-10-18
"1,118.70",2017-10-17
"1,115.63",2017-10-16
,2017-10-15
,2017-10-14
"1,121.76",2017-10-13
"1,120.97",2017-10-12
"1,120.87",2017-10-11
"1,128.60",2017-10-10
,2017-10-09
,2017-10-08
,2017-10-07
,2017-10-06
,2017-10-05
,2017-10-04
,2017-10-03
,2017-10-02
,2017-10-01
,2017-09-30
"1,134.63",2017-09-29
"1,132.46",2017-09-28
"1,127.70",2017-09-27
"1,124.24",2017-09-26
"1,120.08",2017-09-25
,2017-09-24
,2017-09-23
"1,121.86",2017-09-22
"1,121.96",2017-09-21
"1,119.29",2017-09-20
"1,117.11",2017-09-19
"1,119.69",2017-09-18
,2017-09-17
,2017-09-16
"1,124.24",2017-09-15
"1,121.17",2017-09-14
"1,117.41",2017-09-13
"1,117.80",2017-09-12
"1,116.02",2017-09-11
,2017-09-10
,2017-09-09
"1,116.02",2017-09-08
"1,120.08",2017-09-07
"1,121.17",2017-09-06
"1,118.40",2017-09-05
"1,119.39",2017-09-04
,2017-09-03
,2017-09-02
"1,111.67",2017-09-01
"1,113.05",2017-08-31
"1,112.66",2017-08-30
"1,116.62",2017-08-29
"1,110.08",2017-08-28
,2017-08-27
,2017-08-26
"1,117.61",2017-08-25
"1,115.92",2017-08-24
"1,121.37",2017-08-23
"1,125.82",2017-08-22
"1,126.71",2017-08-21
,2017-08-20
,2017-08-19
"1,132.06",2017-08-18
"1,124.73",2017-08-17
"1,124.73",2017-08-16
,2017-08-15
"1,125.43",2017-08-14
,2017-08-13
,2017-08-12
"1,133.74",2017-08-11
"1,126.52",2017-08-10
"1,122.06",2017-08-09
"1,114.64",2017-08-08
"1,117.01",2017-08-07
,2017-08-06
,2017-08-05
"1,114.14",2017-08-04
"1,115.63",2017-08-03
"1,110.28",2017-08-02
"1,107.51",2017-08-01
"1,113.25",2017-07-31
,2017-07-30
,2017-07-29
"1,105.23",2017-07-28
"1,101.77",2017-07-27
"1,108.20",2017-07-26
"1,105.92",2017-07-25
"1,107.51",2017-07-24
,2017-07-23
,2017-07-22
"1,110.78",2017-07-21
"1,111.57",2017-07-20
"1,111.17",2017-07-19
"1,117.11",2017-07-18
"1,116.72",2017-07-17
,2017-07-16
,2017-07-15
"1,125.23",2017-07-14
"1,127.21",2017-07-13
"1,135.92",2017-07-12
"1,138",2017-07-11
"1,138.99",2017-07-10
,2017-07-09
,2017-07-08
"1,143.84",2017-07-07
"1,140.08",2017-07-06
"1,138.30",2017-07-05
"1,137.51",2017-07-04
"1,130.38",2017-07-03
,2017-07-02
,2017-07-01
"1,134.44",2017-06-30
"1,128.60",2017-06-29
"1,128.89",2017-06-28
"1,123.84",2017-06-27
"1,123.15",2017-06-26
,2017-06-25
,2017-06-24
"1,128.89",2017-06-23
"1,128.89",2017-06-22
"1,130.38",2017-06-21
"1,125.92",2017-06-20
"1,121.37",2017-06-19
,2017-06-18
,2017-06-17
"1,117.71",2017-06-16
"1,109.79",2017-06-15
"1,115.63",2017-06-14
"1,117.80",2017-06-13
"1,114.74",2017-06-12
,2017-06-11
,2017-06-10
"1,112.16",2017-06-09
"1,115.33",2017-06-08
"1,109.29",2017-06-07
,2017-06-06
"1,106.42",2017-06-05
,2017-06-04
,2017-06-03
"1,110.38",2017-06-02
"1,109.29",2017-06-01
"1,111.37",2017-05-31
"1,111.57",2017-05-30
"1,108.50",2017-05-29
,2017-05-28
,2017-05-27
"1,109.88",2017-05-26
"1,109.19",2017-05-25
"1,115.92",2017-05-24
"1,106.42",2017-05-23
"1,106.02",2017-05-22
,2017-05-21
,2017-05-20
"1,117.21",2017-05-19
"1,112.06",2017-05-18
"1,105.73",2017-05-17
"1,105.83",2017-05-16
"1,114.64",2017-05-15
,2017-05-14
,2017-05-13
"1,113.55",2017-05-12
"1,122.06",2017-05-11
"1,124.24",2017-05-10
,2017-05-09
"1,123.94",2017-05-08
,2017-05-07
,2017-05-06
,2017-05-05
"1,121.67",2017-05-04
,2017-05-03
"1,122.56",2017-05-02
,2017-05-01
,2017-04-30
,2017-04-29
"1,117.71",2017-04-28
"1,118.20",2017-04-27
"1,115.23",2017-04-26
"1,122.95",2017-04-25
"1,118",2017-04-24
,2017-04-23
,2017-04-22
"1,127.32",2017-04-21
"1,131.77",2017-04-20
"1,128.01",2017-04-19
"1,122.47",2017-04-18
"1,123.06",2017-04-17
,2017-04-16
,2017-04-15
"1,126.03",2017-04-14
"1,123.65",2017-04-13
"1,137.12",2017-04-12
"1,129.50",2017-04-11
"1,129",2017-04-10
,2017-04-09
,2017-04-08
"1,119.69",2017-04-07
"1,115.44",2017-04-06
"1,112.67",2017-04-05
"1,106.73",2017-04-04
"1,102.27",2017-04-03
,2017-04-02
,2017-04-01
"1,108.31",2017-03-31
"1,102.07",2017-03-30
"1,103.76",2017-03-29
"1,101.78",2017-03-28
"1,102.86",2017-03-27
,2017-03-26
,2017-03-25
"1,110.29",2017-03-24
"1,107.62",2017-03-23
"1,112.17",2017-03-22
"1,104.55",2017-03-21
"1,117.81",2017-03-20
,2017-03-19
,2017-03-18
"1,118.51",2017-03-17
"1,118.61",2017-03-16
"1,136.62",2017-03-15
"1,136.03",2017-03-14
"1,137.91",2017-03-13
,2017-03-12
,2017-03-11
"1,148.21",2017-03-10
"1,144.05",2017-03-09
"1,137.32",2017-03-08
"1,143.55",2017-03-07
"1,143.45",2017-03-06
,2017-03-05
,2017-03-04
"1,136.23",2017-03-03
"1,130.88",2017-03-02
,2017-03-01
"1,122.96",2017-02-28
"1,122.27",2017-02-27
,2017-02-26
,2017-02-25
"1,121.77",2017-02-24
"1,129.89",2017-02-23
"1,128.80",2017-02-22
"1,137.42",2017-02-21
"1,138.21",2017-02-20
,2017-02-19
,2017-02-18
"1,135.24",2017-02-17
"1,124.15",2017-02-16
"1,130.39",2017-02-15
"1,137.51",2017-02-14
"1,141.97",2017-02-13
,2017-02-12
,2017-02-11
"1,141.87",2017-02-10
"1,134.74",2017-02-09
"1,134.84",2017-02-08
"1,126.62",2017-02-07
"1,126.72",2017-02-06
,2017-02-05
,2017-02-04
"1,135.53",2017-02-03
"1,140.19",2017-02-02
"1,141.87",2017-02-01
"1,157.22",2017-01-31
,2017-01-30
,2017-01-29
,2017-01-28
,2017-01-27
"1,145.83",2017-01-26
"1,155.63",2017-01-25
"1,151.37",2017-01-24
"1,156.42",2017-01-23
,2017-01-22
,2017-01-21
"1,164.54",2017-01-20
"1,166.13",2017-01-19
"1,152.17",2017-01-18
"1,173.55",2017-01-17
"1,166.52",2017-01-16
,2017-01-15
,2017-01-14
"1,166.82",2017-01-13
"1,171.87",2017-01-12
"1,187.61",2017-01-11
"1,189.09",2017-01-10
"1,192.16",2017-01-09
,2017-01-08
,2017-01-07
"1,173.85",2017-01-06
"1,180.88",2017-01-05
"1,194.93",2017-01-04
"1,197.61",2017-01-03
"1,195.23",2017-01-02
,2017-01-01
,2016-12-31
"1,197.01",2016-12-30
"1,197.01",2016-12-29
"1,194.74",2016-12-28
"1,191.47",2016-12-27
"1,188.60",2016-12-26
,2016-12-25
,2016-12-24
"1,190.78",2016-12-23
"1,182.56",2016-12-22
"1,182.46",2016-12-21
"1,176.72",2016-12-20
"1,173.95",2016-12-19
,2016-12-18
,2016-12-17
"1,170.78",2016-12-16
"1,169.99",2016-12-15
"1,151.67",2016-12-14
"1,152.07",2016-12-13
"1,162.17",2016-12-12
,2016-12-11
,2016-12-10
"1,153.06",2016-12-09
"1,148.40",2016-12-08
"1,159.59",2016-12-07
"1,155.53",2016-12-06
"1,162.96",2016-12-05
,2016-12-04
,2016-12-03
"1,154.64",2016-12-02
"1,164.74",2016-12-01
"1,154.84",2016-11-30
"1,156.62",2016-11-29
"1,161.27",2016-11-28
,2016-11-27
,2016-11-26
"1,167.71",2016-11-25
"1,171.37",2016-11-24
"1,162.17",2016-11-23
"1,164.64",2016-11-22
"1,169.89",2016-11-21
,2016-11-20
,2016-11-19
"1,170.78",2016-11-18
"1,158.11",2016-11-17
"1,155.14",2016-11-16
"1,154.25",2016-11-15
"1,156.92",2016-11-14
,2016-11-13
,2016-11-12
"1,152.56",2016-11-11
"1,142.96",2016-11-10
"1,119.40",2016-11-09
"1,129.20",2016-11-08
"1,129",2016-11-07
,2016-11-06
,2016-11-05
"1,132.27",2016-11-04
"1,133.65",2016-11-03
"1,135.53",2016-11-02
"1,133.06",2016-11-01
"1,136.23",2016-10-31
,2016-10-30
,2016-10-29
"1,134.64",2016-10-28
"1,126.53",2016-10-27
"1,119.79",2016-10-26
"1,124.84",2016-10-25
"1,123.46",2016-10-24
,2016-10-23
,2016-10-22
"1,120.49",2016-10-21
"1,108.41",2016-10-20
"1,112.67",2016-10-19
"1,121.97",2016-10-18
"1,126.82",2016-10-17
,2016-10-16
,2016-10-15
"1,121.38",2016-10-14
"1,115.24",2016-10-13
"1,112.76",2016-10-12
"1,101.48",2016-10-11
"1,101.78",2016-10-10
,2016-10-09
,2016-10-08
"1,103.46",2016-10-07
"1,100.29",2016-10-06
"1,103.56",2016-10-05
"1,093.56",2016-10-04
,2016-10-03
,2016-10-02
,2016-10-01
"1,093.46",2016-09-30
"1,081.68",2016-09-29
"1,086.23",2016-09-28
"1,100.69",2016-09-27
"1,093.46",2016-09-26
,2016-09-25
,2016-09-24
"1,094.25",2016-09-23
"1,090.19",2016-09-22
"1,104.84",2016-09-21
"1,109.79",2016-09-20
"1,112.96",2016-09-19
,2016-09-18
,2016-09-17
,2016-09-16
,2016-09-15
,2016-09-14
"1,097.12",2016-09-13
"1,100.49",2016-09-12
,2016-09-11
,2016-09-10
"1,086.73",2016-09-09
"1,080.99",2016-09-08
"1,082.57",2016-09-07
"1,093.26",2016-09-06
"1,099",2016-09-05
,2016-09-04
,2016-09-03
"1,106.43",2016-09-02
"1,104.25",2016-09-01
"1,108.21",2016-08-31
"1,106.63",2016-08-30
"1,116.03",2016-08-29
,2016-08-28
,2016-08-27
"1,103.56",2016-08-26
"1,110.19",2016-08-25
"1,112.67",2016-08-24
"1,107.12",2016-08-23
"1,111.87",2016-08-22
,2016-08-21
,2016-08-20
"1,096.92",2016-08-19
"1,094.65",2016-08-18
"1,086.73",2016-08-17
"1,086.63",2016-08-16
,2016-08-15
,2016-08-14
,2016-08-13
"1,088.01",2016-08-12
"1,086.23",2016-08-11
"1,090.19",2016-08-10
"1,096.92",2016-08-09
"1,105.04",2016-08-08
,2016-08-07
,2016-08-06
"1,099.89",2016-08-05
"1,102.37",2016-08-04
"1,103.16",2016-08-03
"1,097.32",2016-08-02
"1,102.47",2016-08-01
,2016-07-31
,2016-07-30
"1,112.96",2016-07-29
"1,114.25",2016-07-28
"1,122.86",2016-07-27
"1,130.29",2016-07-26
"1,125.44",2016-07-25
,2016-07-24
,2016-07-23
"1,125.44",2016-07-22
"1,130.09",2016-07-21
"1,131.38",2016-07-20
"1,126.53",2016-07-19
"1,125.93",2016-07-18
,2016-07-17
,2016-07-16
"1,121.38",2016-07-15
"1,135.24",2016-07-14
"1,134.25",2016-07-13
"1,137.51",2016-07-12
"1,139",2016-07-11
,2016-07-10
,2016-07-09
"1,146.72",2016-07-08
"1,146.92",2016-07-07
"1,152.76",2016-07-06
"1,139.49",2016-07-05
"1,139.79",2016-07-04
,2016-07-03
,2016-07-02
"1,137.02",2016-07-01
"1,141.87",2016-06-30
"1,156.62",2016-06-29
"1,170.98",2016-06-28
"1,167.71",2016-06-27
,2016-06-26
,2016-06-25
"1,137.51",2016-06-24
"1,139.10",2016-06-23
"1,143.26",2016-06-22
"1,147.41",2016-06-21
"1,153.06",2016-06-20
,2016-06-19
,2016-06-18
"1,156.82",2016-06-17
"1,156.92",2016-06-16
"1,166.32",2016-06-15
"1,160.58",2016-06-14
"1,160.68",2016-06-13
,2016-06-12
,2016-06-11
"1,149.99",2016-06-10
"1,140.39",2016-06-09
"1,146.23",2016-06-08
"1,152.27",2016-06-07
,2016-06-06
,2016-06-05
,2016-06-04
"1,175.93",2016-06-03
"1,179.29",2016-06-02
"1,178.80",2016-06-01
"1,176.62",2016-05-31
"1,177.41",2016-05-30
,2016-05-29
,2016-05-28
"1,166.42",2016-05-27
"1,167.31",2016-05-26
"1,175.83",2016-05-25
"1,172.36",2016-05-24
"1,171.67",2016-05-23
,2016-05-22
,2016-05-21
"1,174.84",2016-05-20
"1,178.80",2016-05-19
"1,168.80",2016-05-18
"1,163.06",2016-05-17
"1,166.32",2016-05-16
,2016-05-15
,2016-05-14
"1,160.38",2016-05-13
"1,154.25",2016-05-12
"1,154.54",2016-05-11
"1,162.86",2016-05-10
"1,154.15",2016-05-09
,2016-05-08
,2016-05-07
,2016-05-06
,2016-05-05
"1,139.10",2016-05-04
"1,123.46",2016-05-03
"1,133.46",2016-05-02
,2016-05-01
,2016-04-30
"1,124.84",2016-04-29
"1,135.24",2016-04-28
"1,134.74",2016-04-27
"1,137.42",2016-04-26
"1,137.32",2016-04-25
,2016-04-24
,2016-04-23
"1,127.91",2016-04-22
"1,123.56",2016-04-21
"1,118.90",2016-04-20
"1,133.65",2016-04-19
"1,140.29",2016-04-18
,2016-04-17
,2016-04-16
"1,139.79",2016-04-15
"1,138.60",2016-04-14
,2016-04-13
"1,132.66",2016-04-12
"1,142.27",2016-04-11
,2016-04-10
,2016-04-09
"1,150.19",2016-04-08
"1,141.77",2016-04-07
"1,145.43",2016-04-06
"1,143.85",2016-04-05
"1,138.21",2016-04-04
,2016-04-03
,2016-04-02
"1,132.66",2016-04-01
"1,134.54",2016-03-31
"1,141.87",2016-03-30
"1,152.17",2016-03-29
"1,159.79",2016-03-28
,2016-03-27
,2016-03-26
"1,154.25",2016-03-25
"1,156.42",2016-03-24
"1,145.53",2016-03-23
"1,152.07",2016-03-22
"1,155.24",2016-03-21
,2016-03-20
,2016-03-19
"1,149.69",2016-03-18
"1,164.84",2016-03-17
"1,180.48",2016-03-16
"1,178.80",2016-03-15
"1,177.91",2016-03-14
,2016-03-13
,2016-03-12
"1,196.62",2016-03-11
"1,199.19",2016-03-10
"1,200.97",2016-03-09
"1,190.48",2016-03-08
"1,189.19",2016-03-07
,2016-03-06
,2016-03-05
"1,197.41",2016-03-04
"1,209.19",2016-03-03
"1,220.87",2016-03-02
,2016-03-01
"1,231.76",2016-02-29
,2016-02-28
,2016-02-27
"1,222.16",2016-02-26
"1,222.75",2016-02-25
"1,222.16",2016-02-24
"1,214.04",2016-02-23
"1,221.37",2016-02-22
,2016-02-21
,2016-02-20
"1,222.06",2016-02-19
"1,210.87",2016-02-18
"1,211.07",2016-02-17
"1,202.06",2016-02-16
"1,197.90",2016-02-15
,2016-02-14
,2016-02-13
"1,191.47",2016-02-12
"1,179.69",2016-02-11
,2016-02-10
,2016-02-09
,2016-02-08
,2016-02-07
,2016-02-06
"1,178.70",2016-02-05
"1,192.46",2016-02-04
"1,201.67",2016-02-03
"1,191.17",2016-02-02
"1,196.62",2016-02-01
,2016-01-31
,2016-01-30
"1,193.94",2016-01-29
"1,198.20",2016-01-28
"1,188.50",2016-01-27
"1,186.92",2016-01-26
"1,184.34",2016-01-25
,2016-01-24
,2016-01-23
"1,191.67",2016-01-22
"1,195.53",2016-01-21
"1,197.81",2016-01-20
"1,196.72",2016-01-19
"1,203.05",2016-01-18
,2016-01-17
,2016-01-16
"1,195.43",2016-01-15
"1,198.50",2016-01-14
"1,196.52",2016-01-13
"1,193.65",2016-01-12
"1,197.71",2016-01-11
,2016-01-10
,2016-01-09
"1,185.03",2016-01-08
"1,187.91",2016-01-07
"1,176.92",2016-01-06
"1,175.43",2016-01-05
"1,171.77",2016-01-04
,2016-01-03
,2016-01-02
,2016-01-01
"1,158.30",2015-12-31
"1,158.30",2015-12-30
"1,155.63",2015-12-29
"1,155.53",2015-12-28
,2015-12-27
,2015-12-26
,2015-12-25
"1,162.66",2015-12-24
"1,158.80",2015-12-23
"1,165.23",2015-12-22
"1,165.83",2015-12-21
,2015-12-20
,2015-12-19
"1,173.85",2015-12-18
"1,163.95",2015-12-17
"1,165.63",2015-12-16
"1,170.78",2015-12-15
"1,174.64",2015-12-14
,2015-12-13
,2015-12-12
"1,166.42",2015-12-11
"1,165.73",2015-12-10
"1,167.02",2015-12-09
"1,162.96",2015-12-08
"1,155.14",2015-12-07
,2015-12-06
,2015-12-05
"1,144.54",2015-12-04
"1,155.63",2015-12-03
"1,143.75",2015-12-02
"1,149.59",2015-12-01
"1,146.82",2015-11-30
,2015-11-29
,2015-11-28
"1,138.80",2015-11-27
"1,130.78",2015-11-26
"1,134.54",2015-11-25
"1,146.82",2015-11-24
"1,144.84",2015-11-23
,2015-11-22
,2015-11-21
"1,147.12",2015-11-20
"1,154.74",2015-11-19
"1,161.27",2015-11-18
"1,157.51",2015-11-17
"1,160.58",2015-11-16
,2015-11-15
,2015-11-14
"1,147.12",2015-11-13
"1,140.09",2015-11-12
"1,144.44",2015-11-11
"1,144.94",2015-11-10
"1,141.38",2015-11-09
,2015-11-08
,2015-11-07
"1,126.03",2015-11-06
"1,125.14",2015-11-05
"1,117.62",2015-11-04
"1,124.74",2015-11-03
"1,129.40",2015-11-02
,2015-11-01
,2015-10-31
"1,126.13",2015-10-30
"1,130.49",2015-10-29
"1,123.85",2015-10-28
"1,118.70",2015-10-27
"1,126.13",2015-10-26
,2015-10-25
,2015-10-24
"1,121.48",2015-10-23
"1,128.60",2015-10-22
"1,118.31",2015-10-21
"1,121.67",2015-10-20
"1,120.98",2015-10-19
,2015-10-18
,2015-10-17
"1,116.03",2015-10-16
"1,126.72",2015-10-15
"1,137.61",2015-10-14
"1,135.83",2015-10-13
"1,137.42",2015-10-12
,2015-10-11
,2015-10-10
,2015-10-09
"1,148.11",2015-10-08
"1,153.85",2015-10-07
"1,153.26",2015-10-06
"1,159.10",2015-10-05
,2015-10-04
,2015-10-03
"1,165.04",2015-10-02
"1,167.91",2015-10-01
"1,182.76",2015-09-30
,2015-09-29
,2015-09-28
,2015-09-27
,2015-09-26
"1,182.66",2015-09-25
"1,180.38",2015-09-24
"1,172.16",2015-09-23
"1,167.02",2015-09-22
"1,160.98",2015-09-21
,2015-09-20
,2015-09-19
"1,157.61",2015-09-18
"1,159.29",2015-09-17
"1,167.61",2015-09-16
"1,169.19",2015-09-15
"1,166.62",2015-09-14
,2015-09-13
,2015-09-12
"1,172.07",2015-09-11
"1,186.42",2015-09-10
"1,182.16",2015-09-09
"1,195.33",2015-09-08
"1,187.81",2015-09-07
,2015-09-06
,2015-09-05
"1,178.40",2015-09-04
"1,174.94",2015-09-03
"1,165.53",2015-09-02
"1,170.28",2015-09-01
"1,171.67",2015-08-31
,2015-08-30
,2015-08-29
"1,166.42",2015-08-28
"1,172.07",2015-08-27
"1,180.58",2015-08-26
"1,184.04",2015-08-25
"1,184.84",2015-08-24
,2015-08-23
,2015-08-22
"1,176.52",2015-08-21
"1,168.70",2015-08-20
"1,174.54",2015-08-19
"1,173.95",2015-08-18
"1,170.68",2015-08-17
,2015-08-16
,2015-08-15
,2015-08-14
"1,163.35",2015-08-13
"1,170.48",2015-08-12
"1,145.34",2015-08-11
"1,156.52",2015-08-10
,2015-08-09
,2015-08-08
"1,150.68",2015-08-07
"1,159.69",2015-08-06
"1,157.71",2015-08-05
"1,158.01",2015-08-04
"1,155.63",2015-08-03
,2015-08-02
,2015-08-01
"1,158.80",2015-07-31
"1,154.05",2015-07-30
"1,146.03",2015-07-29
"1,156.92",2015-07-28
"1,160.19",2015-07-27
,2015-07-26
,2015-07-25
"1,150.19",2015-07-24
"1,148.60",2015-07-23
"1,141.38",2015-07-22
"1,146.72",2015-07-21
"1,139.79",2015-07-20
,2015-07-19
,2015-07-18
"1,134.35",2015-07-17
"1,135.04",2015-07-16
"1,130.29",2015-07-15
"1,127.02",2015-07-14
"1,119.89",2015-07-13
,2015-07-12
,2015-07-11
"1,121.48",2015-07-10
"1,126.62",2015-07-09
"1,123.46",2015-07-08
"1,116.13",2015-07-07
"1,115.73",2015-07-06
,2015-07-05
,2015-07-04
"1,106.23",2015-07-03
"1,111.87",2015-07-02
"1,108.01",2015-07-01
"1,109.10",2015-06-30
"1,114.05",2015-06-29
,2015-06-28
,2015-06-27
"1,101.78",2015-06-26
"1,098.21",2015-06-25
"1,094.75",2015-06-24
"1,091.58",2015-06-23
"1,092.17",2015-06-22
,2015-06-21
,2015-06-20
"1,091.68",2015-06-19
"1,100.98",2015-06-18
"1,106.73",2015-06-17
"1,105.93",2015-06-16
"1,102.86",2015-06-15
,2015-06-14
,2015-06-13
"1,101.78",2015-06-12
"1,101.68",2015-06-11
"1,108.90",2015-06-10
"1,107.72",2015-06-09
"1,110.09",2015-06-08
,2015-06-07
,2015-06-06
"1,101.78",2015-06-05
"1,097.22",2015-06-04
"1,098.61",2015-06-03
"1,102.96",2015-06-02
"1,103.16",2015-06-01
,2015-05-31
,2015-05-30
"1,096.83",2015-05-29
"1,096.92",2015-05-28
"1,095.04",2015-05-27
"1,086.33",2015-05-26
,2015-05-25
,2015-05-24
,2015-05-23
"1,081.48",2015-05-22
"1,084.35",2015-05-21
"1,084.45",2015-05-20
"1,079.80",2015-05-19
"1,074.85",2015-05-18
,2015-05-17
,2015-05-16
"1,080.79",2015-05-15
"1,085.84",2015-05-14
"1,078.91",2015-05-13
"1,085.84",2015-05-12
"1,076.43",2015-05-11
,2015-05-10
,2015-05-09
"1,082.17",2015-05-08
"1,070.39",2015-05-07
"1,071.09",2015-05-06
,2015-05-05
"1,070.79",2015-05-04
,2015-05-03
,2015-05-02
,2015-05-01
"1,059.21",2015-04-30
"1,058.02",2015-04-29
"1,060.39",2015-04-28
"1,064.25",2015-04-27
,2015-04-26
,2015-04-25
"1,067.82",2015-04-24
"1,072.27",2015-04-23
"1,073.56",2015-04-22
"1,072.77",2015-04-21
"1,070.49",2015-04-20
,2015-04-19
,2015-04-18
"1,074.15",2015-04-17
"1,078.11",2015-04-16
"1,083.06",2015-04-15
"1,086.43",2015-04-14
"1,084.65",2015-04-13
,2015-04-12
,2015-04-11
"1,085.04",2015-04-10
"1,084.85",2015-04-09
"1,083.66",2015-04-08
"1,078.11",2015-04-07
"1,075.84",2015-04-06
,2015-04-05
,2015-04-04
"1,083.56",2015-04-03
"1,088.21",2015-04-02
"1,096.23",2015-04-01
"1,096.53",2015-03-31
"1,092.87",2015-03-30
,2015-03-29
,2015-03-28
"1,094.45",2015-03-27
"1,090.39",2015-03-26
"1,094.75",2015-03-25
"1,097.22",2015-03-24
"1,103.56",2015-03-23
,2015-03-22
,2015-03-21
"1,111.48",2015-03-20
"1,100.29",2015-03-19
"1,115.04",2015-03-18
"1,118.11",2015-03-17
"1,124.15",2015-03-16
,2015-03-15
,2015-03-14
"1,112.96",2015-03-13
"1,120.88",2015-03-12
"1,112.47",2015-03-11
"1,105.64",2015-03-10
"1,096.92",2015-03-09
,2015-03-08
,2015-03-07
"1,091.48",2015-03-06
"1,089.10",2015-03-05
"1,086.63",2015-03-04
"1,092.27",2015-03-03
"1,093.76",2015-03-02
,2015-03-01
,2015-02-28
"1,088.01",2015-02-27
"1,087.42",2015-02-26
"1,092.96",2015-02-25
"1,096.33",2015-02-24
"1,099.10",2015-02-23
,2015-02-22
,2015-02-21
,2015-02-20
,2015-02-19
,2015-02-18
"1,090.09",2015-02-17
"1,084.65",2015-02-16
,2015-02-15
,2015-02-14
"1,089.80",2015-02-13
"1,094.05",2015-02-12
"1,085.74",2015-02-11
"1,082.87",2015-02-10
"1,087.02",2015-02-09
,2015-02-08
,2015-02-07
"1,075.74",2015-02-06
"1,077.62",2015-02-05
"1,081.78",2015-02-04
"1,087.32",2015-02-03
"1,089.20",2015-02-02
,2015-02-01
,2015-01-31
"1,087.12",2015-01-30
"1,075.44",2015-01-29
"1,068.12",2015-01-28
"1,073.16",2015-01-27
"1,066.23",2015-01-26
,2015-01-25
,2015-01-24
"1,075.14",2015-01-23
"1,075.34",2015-01-22
"1,079.50",2015-01-21
"1,069.90",2015-01-20
"1,072.27",2015-01-19
,2015-01-18
,2015-01-17
"1,064.65",2015-01-16
"1,073.86",2015-01-15
"1,065.94",2015-01-14
"1,074.35",2015-01-13
"1,070",2015-01-12
,2015-01-11
,2015-01-10
"1,084.25",2015-01-09
"1,086.43",2015-01-08
"1,083.36",2015-01-07
"1,097.02",2015-01-06
"1,095.44",2015-01-05
,2015-01-04
,2015-01-03
"1,088.21",2015-01-02
,2015-01-01
"1,088.21",2014-12-31
"1,089",2014-12-30
"1,086.93",2014-12-29
,2014-12-28
,2014-12-27
"1,090.69",2014-12-26
,2014-12-25
"1,093.66",2014-12-24
"1,086.83",2014-12-23
"1,088.01",2014-12-22
,2014-12-21
,2014-12-20
"1,089",2014-12-19
"1,092.77",2014-12-18
"1,073.46",2014-12-17
"1,085.44",2014-12-16
"1,090.49",2014-12-15
,2014-12-14
,2014-12-13
"1,093.66",2014-12-12
"1,085.34",2014-12-11
"1,093.66",2014-12-10
"1,102.86",2014-12-09
"1,109.50",2014-12-08
,2014-12-07
,2014-12-06
"1,100.88",2014-12-05
"1,104.15",2014-12-04
"1,104.55",2014-12-03
"1,095.24",2014-12-02
"1,107.91",2014-12-01
,2014-11-30
,2014-11-29
"1,093.06",2014-11-28
"1,091.48",2014-11-27
"1,096.33",2014-11-26
"1,103.85",2014-11-25
"1,098.21",2014-11-24
,2014-11-23
,2014-11-22
"1,098.61",2014-11-21
"1,098.71",2014-11-20
"1,091.48",2014-11-19
"1,088.91",2014-11-18
"1,089.30",2014-11-17
,2014-11-16
,2014-11-15
"1,089",2014-11-14
"1,086.83",2014-11-13
"1,085.74",2014-11-12
"1,079.20",2014-11-11
"1,074.35",2014-11-10
,2014-11-09
,2014-11-08
"1,080.29",2014-11-07
"1,075.84",2014-11-06
"1,068.51",2014-11-05
"1,070.49",2014-11-04
"1,064.35",2014-11-03
,2014-11-02
,2014-11-01
"1,043.37",2014-10-31
"1,044.16",2014-10-30
"1,035.84",2014-10-29
"1,040.89",2014-10-28
"1,042.57",2014-10-27
,2014-10-26
,2014-10-25
"1,050.20",2014-10-24
"1,043.96",2014-10-23
"1,044.06",2014-10-22
"1,044.26",2014-10-21
"1,050.39",2014-10-20
,2014-10-19
,2014-10-18
"1,050.39",2014-10-17
"1,048.81",2014-10-16
"1,056.63",2014-10-15
"1,053.46",2014-10-14
"1,060.59",2014-10-13
,2014-10-12
,2014-10-11
"1,058.81",2014-10-10
,2014-10-09
"1,059.30",2014-10-08
"1,052.57",2014-10-07
"1,059.01",2014-10-06
,2014-10-05
,2014-10-04
,2014-10-03
"1,052.57",2014-10-02
"1,047.82",2014-10-01
"1,044.65",2014-09-30
"1,038.12",2014-09-29
,2014-09-28
,2014-09-27
"1,031.49",2014-09-26
"1,032.57",2014-09-25
"1,030.20",2014-09-24
"1,032.97",2014-09-23
"1,030.20",2014-09-22
,2014-09-21
,2014-09-20
"1,032.08",2014-09-19
"1,030.30",2014-09-18
"1,023.57",2014-09-17
"1,025.64",2014-09-16
"1,029.60",2014-09-15
,2014-09-14
,2014-09-13
"1,027.03",2014-09-12
"1,022.38",2014-09-11
,2014-09-10
,2014-09-09
,2014-09-08
,2014-09-07
,2014-09-06
"1,014.56",2014-09-05
"1,007.92",2014-09-04
"1,007.13",2014-09-03
"1,002.58",2014-09-02
"1,005.25",2014-09-01
,2014-08-31
,2014-08-30
"1,005.84",2014-08-29
"1,003.57",2014-08-28
"1,005.05",2014-08-27
"1,008.52",2014-08-26
"1,011.09",2014-08-25
,2014-08-24
,2014-08-23
"1,010.60",2014-08-22
"1,013.96",2014-08-21
"1,009.41",2014-08-20
"1,009.01",2014-08-19
"1,007.53",2014-08-18
,2014-08-17
,2014-08-16
,2014-08-15
"1,019.11",2014-08-14
"1,017.03",2014-08-13
"1,018.91",2014-08-12
"1,019.41",2014-08-11
,2014-08-10
,2014-08-09
"1,026.14",2014-08-08
"1,021.09",2014-08-07
"1,024.06",2014-08-06
"1,021.59",2014-08-05
"1,020.30",2014-08-04
,2014-08-03
,2014-08-02
"1,020.79",2014-08-01
"1,015.35",2014-07-31
"1,015.65",2014-07-30
"1,013.86",2014-07-29
"1,014.56",2014-07-28
,2014-07-27
,2014-07-26
"1,021.78",2014-07-25
"1,014.95",2014-07-24
"1,012.77",2014-07-23
"1,015.55",2014-07-22
"1,017.13",2014-07-21
,2014-07-20
,2014-07-19
"1,021.19",2014-07-18
"1,016.83",2014-07-17
"1,022.87",2014-07-16
"1,009.31",2014-07-15
"1,008.32",2014-07-14
,2014-07-13
,2014-07-12
"1,005.65",2014-07-11
"1,000.80",2014-07-10
"1,002.18",2014-07-09
"1,000.80",2014-07-08
999.51,2014-07-07
,2014-07-06
,2014-07-05
999.01,2014-07-04
999.71,2014-07-03
"1,000.20",2014-07-02
"1,001.98",2014-07-01
"1,003.57",2014-06-30
,2014-06-29
,2014-06-28
"1,005.84",2014-06-27
"1,007.73",2014-06-26
"1,010.50",2014-06-25
"1,007.43",2014-06-24
"1,009.31",2014-06-23
,2014-06-22
,2014-06-21
"1,010.20",2014-06-20
"1,007.63",2014-06-19
"1,012.68",2014-06-18
"1,011.59",2014-06-17
"1,008.72",2014-06-16
,2014-06-15
,2014-06-14
"1,008.12",2014-06-13
"1,007.23",2014-06-12
"1,006.44",2014-06-11
"1,005.65",2014-06-10
"1,007.33",2014-06-09
,2014-06-08
,2014-06-07
,2014-06-06
"1,014.75",2014-06-05
,2014-06-04
"1,014.66",2014-06-03
"1,011.98",2014-06-02
,2014-06-01
,2014-05-31
"1,010.10",2014-05-30
"1,011.69",2014-05-29
"1,013.47",2014-05-28
"1,013.47",2014-05-27
"1,014.16",2014-05-26
,2014-05-25
,2014-05-24
"1,014.46",2014-05-23
"1,015.55",2014-05-22
"1,015.15",2014-05-21
"1,012.18",2014-05-20
"1,013.17",2014-05-19
,2014-05-18
,2014-05-17
"1,016.54",2014-05-16
"1,016.83",2014-05-15
"1,012.08",2014-05-14
"1,012.48",2014-05-13
"1,015.15",2014-05-12
,2014-05-11
,2014-05-10
"1,013.27",2014-05-09
"1,014.26",2014-05-08
"1,016.54",2014-05-07
,2014-05-06
,2014-05-05
,2014-05-04
,2014-05-03
"1,020.79",2014-05-02
,2014-05-01
"1,021.09",2014-04-30
"1,021.78",2014-04-29
"1,027.23",2014-04-28
,2014-04-27
,2014-04-26
"1,027.62",2014-04-25
"1,028.81",2014-04-24
"1,029.01",2014-04-23
"1,028.12",2014-04-22
"1,027.23",2014-04-21
,2014-04-20
,2014-04-19
"1,026.83",2014-04-18
"1,024.46",2014-04-17
"1,033.17",2014-04-16
"1,029.21",2014-04-15
"1,029.90",2014-04-14
,2014-04-13
,2014-04-12
"1,031.29",2014-04-11
"1,023.66",2014-04-10
"1,035.84",2014-04-09
"1,043.66",2014-04-08
"1,042.38",2014-04-07
,2014-04-06
,2014-04-05
"1,046.63",2014-04-04
"1,047.82",2014-04-03
"1,046.53",2014-04-02
"1,050.59",2014-04-01
"1,055.94",2014-03-31
,2014-03-30
,2014-03-29
"1,058.12",2014-03-28
"1,063.56",2014-03-27
"1,064.06",2014-03-26
"1,066.73",2014-03-25
"1,068.91",2014-03-24
,2014-03-23
,2014-03-22
"1,068.81",2014-03-21
"1,064.06",2014-03-20
"1,058.61",2014-03-19
"1,055.64",2014-03-18
"1,061.98",2014-03-17
,2014-03-16
,2014-03-15
"1,061.98",2014-03-14
"1,057.32",2014-03-13
"1,057.92",2014-03-12
"1,055.44",2014-03-11
"1,053.56",2014-03-10
,2014-03-09
,2014-03-08
"1,051.88",2014-03-07
"1,060.59",2014-03-06
"1,057.72",2014-03-05
"1,059.70",2014-03-04
"1,063.56",2014-03-03
,2014-03-02
,2014-03-01
"1,053.76",2014-02-28
"1,059.40",2014-02-27
"1,062.97",2014-02-26
"1,060",2014-02-25
"1,066.63",2014-02-24
,2014-02-23
,2014-02-22
"1,061.28",2014-02-21
"1,060.99",2014-02-20
"1,056.43",2014-02-19
"1,051.68",2014-02-18
"1,048.51",2014-02-17
,2014-02-16
,2014-02-15
"1,050.39",2014-02-14
"1,051.58",2014-02-13
"1,055.74",2014-02-12
"1,061.48",2014-02-11
"1,061.68",2014-02-10
,2014-02-09
,2014-02-08
"1,063.36",2014-02-07
"1,064.65",2014-02-06
"1,066.23",2014-02-05
"1,078.11",2014-02-04
"1,068.61",2014-02-03
,2014-02-02
,2014-02-01
,2014-01-31
,2014-01-30
"1,060.49",2014-01-29
"1,067.32",2014-01-28
"1,075.94",2014-01-27
,2014-01-26
,2014-01-25
"1,066.14",2014-01-24
"1,061.58",2014-01-23
"1,058.61",2014-01-22
"1,053.36",2014-01-21
"1,054.35",2014-01-20
,2014-01-19
,2014-01-18
"1,050.30",2014-01-17
"1,054.06",2014-01-16
"1,051.19",2014-01-15
"1,046.63",2014-01-14
"1,045.74",2014-01-13
,2014-01-12
,2014-01-11
"1,053.66",2014-01-10
"1,055.84",2014-01-09
"1,056.53",2014-01-08
"1,054.06",2014-01-07
"1,046.73",2014-01-06
,2014-01-05
,2014-01-04
"1,041.58",2014-01-03
"1,040.30",2014-01-02
,2014-01-01
"1,044.75",2013-12-31
"1,044.95",2013-12-30
,2013-12-29
,2013-12-28
"1,047.33",2013-12-27
"1,049.50",2013-12-26
,2013-12-25
"1,050.30",2013-12-24
"1,051.19",2013-12-23
,2013-12-22
,2013-12-21
"1,052.08",2013-12-20
"1,043.37",2013-12-19
"1,041.68",2013-12-18
"1,041.09",2013-12-17
"1,043.27",2013-12-16
,2013-12-15
,2013-12-14
"1,042.28",2013-12-13
"1,042.67",2013-12-12
"1,040.79",2013-12-11
"1,041.88",2013-12-10
"1,042.18",2013-12-09
,2013-12-08
,2013-12-07
"1,047.52",2013-12-06
"1,050.49",2013-12-05
"1,051.09",2013-12-04
"1,049.90",2013-12-03
"1,047.52",2013-12-02
,2013-12-01
,2013-11-30
"1,048.81",2013-11-29
"1,052.57",2013-11-28
"1,049.60",2013-11-27
"1,048.91",2013-11-26
"1,048.02",2013-11-25
,2013-11-24
,2013-11-23
"1,051.68",2013-11-22
"1,050",2013-11-21
"1,045.15",2013-11-20
"1,045.44",2013-11-19
"1,050.79",2013-11-18
,2013-11-17
,2013-11-16
"1,056.63",2013-11-15
"1,055.94",2013-11-14
"1,061.68",2013-11-13
"1,059.50",2013-11-12
"1,055.94",2013-11-11
,2013-11-10
,2013-11-09
"1,052.77",2013-11-08
"1,049.60",2013-11-07
"1,051.58",2013-11-06
"1,051.29",2013-11-05
"1,050.99",2013-11-04
,2013-11-03
,2013-11-02
"1,053.36",2013-11-01
"1,049.40",2013-10-31
"1,051.88",2013-10-30
"1,050.79",2013-10-29
"1,051.19",2013-10-28
,2013-10-27
,2013-10-26
"1,052.47",2013-10-25
"1,044.65",2013-10-24
"1,045.84",2013-10-23
"1,052.28",2013-10-22
"1,051.19",2013-10-21
,2013-10-20
,2013-10-19
"1,051.48",2013-10-18
"1,054.45",2013-10-17
"1,056.83",2013-10-16
"1,058.41",2013-10-15
"1,061.19",2013-10-14
,2013-10-13
,2013-10-12
"1,058.81",2013-10-11
"1,065.34",2013-10-10
,2013-10-09
"1,062.08",2013-10-08
"1,059.80",2013-10-07
,2013-10-06
,2013-10-05
"1,060.69",2013-10-04
,2013-10-03
"1,064.06",2013-10-02
"1,064.85",2013-10-01
"1,065.64",2013-09-30
,2013-09-29
,2013-09-28
"1,066.04",2013-09-27
"1,063.36",2013-09-26
"1,065.64",2013-09-25
"1,065.15",2013-09-24
"1,065.84",2013-09-23
,2013-09-22
,2013-09-21
,2013-09-20
,2013-09-19
,2013-09-18
"1,073.96",2013-09-17
"1,070.89",2013-09-16
,2013-09-15
,2013-09-14
"1,072.47",2013-09-13
"1,071.88",2013-09-12
"1,073.46",2013-09-11
"1,072.47",2013-09-10
"1,077.12",2013-09-09
,2013-09-08
,2013-09-07
"1,085.44",2013-09-06
"1,081.58",2013-09-05
"1,089.70",2013-09-04
"1,084.95",2013-09-03
"1,095.74",2013-09-02
,2013-09-01
,2013-08-31
"1,098.51",2013-08-30
"1,101.87",2013-08-29
"1,107.12",2013-08-28
"1,103.36",2013-08-27
"1,101.58",2013-08-26
,2013-08-25
,2013-08-24
"1,107.62",2013-08-23
"1,114.35",2013-08-22
"1,106.33",2013-08-21
"1,109.30",2013-08-20
"1,101.87",2013-08-19
,2013-08-18
,2013-08-17
"1,105.83",2013-08-16
,2013-08-15
"1,107.52",2013-08-14
"1,106.33",2013-08-13
"1,100.39",2013-08-12
,2013-08-11
,2013-08-10
"1,099.89",2013-08-09
"1,102.37",2013-08-08
"1,105.04",2013-08-07
"1,102.96",2013-08-06
"1,106.82",2013-08-05
,2013-08-04
,2013-08-03
"1,114.25",2013-08-02
"1,110.49",2013-08-01
"1,105.24",2013-07-31
"1,101.48",2013-07-30
"1,098.41",2013-07-29
,2013-07-28
,2013-07-27
"1,101.58",2013-07-26
"1,107.02",2013-07-25
"1,102.17",2013-07-24
"1,105.54",2013-07-23
"1,107.22",2013-07-22
,2013-07-21
,2013-07-20
"1,114.45",2013-07-19
"1,106.92",2013-07-18
"1,105.44",2013-07-17
"1,107.52",2013-07-16
"1,113.46",2013-07-15
,2013-07-14
,2013-07-13
"1,112.47",2013-07-12
"1,114.74",2013-07-11
"1,131.08",2013-07-10
"1,135.83",2013-07-09
"1,137.71",2013-07-08
,2013-07-07
,2013-07-06
"1,129.10",2013-07-05
"1,129.10",2013-07-04
"1,127.32",2013-07-03
"1,119.30",2013-07-02
"1,130.58",2013-07-01
,2013-06-30
,2013-06-29
"1,133.26",2013-06-28
"1,139.69",2013-06-27
"1,143.26",2013-06-26
"1,145.24",2013-06-25
"1,144.44",2013-06-24
,2013-06-23
,2013-06-22
"1,147.22",2013-06-21
"1,130.98",2013-06-20
"1,123.56",2013-06-19
"1,117.42",2013-06-18
"1,116.82",2013-06-17
,2013-06-16
,2013-06-15
"1,115.93",2013-06-14
"1,120.88",2013-06-13
"1,118.21",2013-06-12
"1,118.70",2013-06-11
"1,108.31",2013-06-10
,2013-06-09
,2013-06-08
"1,099.60",2013-06-07
,2013-06-06
"1,113.56",2013-06-05
"1,109.20",2013-06-04
"1,117.62",2013-06-03
,2013-06-02
,2013-06-01
"1,112.67",2013-05-31
"1,117.22",2013-05-30
"1,120.98",2013-05-29
"1,112.27",2013-05-28
"1,117.42",2013-05-27
,2013-05-26
,2013-05-25
"1,116.33",2013-05-24
"1,111.58",2013-05-23
"1,101.28",2013-05-22
"1,103.66",2013-05-21
"1,108.01",2013-05-20
,2013-05-19
,2013-05-18
,2013-05-17
"1,102.86",2013-05-16
"1,101.78",2013-05-15
"1,098.01",2013-05-14
"1,103.95",2013-05-13
,2013-05-12
,2013-05-11
"1,089.90",2013-05-10
"1,074.95",2013-05-09
"1,076.04",2013-05-08
"1,084.65",2013-05-07
"1,083.76",2013-05-06
,2013-05-05
,2013-05-04
"1,089.80",2013-05-03
"1,087.42",2013-05-02
,2013-05-01
"1,092.37",2013-04-30
"1,098.01",2013-04-29
,2013-04-28
,2013-04-27
"1,097.32",2013-04-26
"1,103.46",2013-04-25
"1,108.61",2013-04-24
"1,107.32",2013-04-23
"1,110.88",2013-04-22
,2013-04-21
,2013-04-20
"1,108.41",2013-04-19
"1,110.49",2013-04-18
"1,102.77",2013-04-17
"1,112.67",2013-04-16
"1,118.11",2013-04-15
,2013-04-14
,2013-04-13
"1,119.50",2013-04-12
"1,116.43",2013-04-11
"1,127.32",2013-04-10
"1,130.49",2013-04-09
"1,125.83",2013-04-08
,2013-04-07
,2013-04-06
"1,114.84",2013-04-05
"1,109.79",2013-04-04
"1,111.18",2013-04-03
"1,101.68",2013-04-02
"1,104.65",2013-04-01
,2013-03-31
,2013-03-30
"1,100.79",2013-03-29
"1,098.41",2013-03-28
"1,098.01",2013-03-27
"1,098.01",2013-03-26
"1,103.16",2013-03-25
,2013-03-24
,2013-03-23
"1,105.54",2013-03-22
"1,103.66",2013-03-21
"1,105.93",2013-03-20
"1,097.32",2013-03-19
"1,102.57",2013-03-18
,2013-03-17
,2013-03-16
"1,096.92",2013-03-15
"1,091.78",2013-03-14
"1,085.34",2013-03-13
"1,084.75",2013-03-12
"1,090.39",2013-03-11
,2013-03-10
,2013-03-09
"1,078.41",2013-03-08
"1,075.24",2013-03-07
"1,073.56",2013-03-06
"1,078.02",2013-03-05
"1,077.92",2013-03-04
,2013-03-03
,2013-03-02
,2013-03-01
"1,070.79",2013-02-28
"1,074.65",2013-02-27
"1,077.42",2013-02-26
"1,075.64",2013-02-25
,2013-02-24
,2013-02-23
"1,077.62",2013-02-22
"1,070.79",2013-02-21
"1,067.72",2013-02-20
"1,070.99",2013-02-19
"1,069.50",2013-02-18
,2013-02-17
,2013-02-16
"1,069.50",2013-02-15
"1,074.06",2013-02-14
"1,075.94",2013-02-13
"1,086.73",2013-02-12
,2013-02-11
,2013-02-10
,2013-02-09
"1,080.49",2013-02-08
"1,078.31",2013-02-07
"1,076.04",2013-02-06
"1,076.04",2013-02-05
"1,082.37",2013-02-04
,2013-02-03
,2013-02-02
"1,077.52",2013-02-01
"1,076.43",2013-01-31
"1,070.29",2013-01-30
"1,077.92",2013-01-29
,2013-01-28
,2013-01-27
,2013-01-26
"1,058.81",2013-01-25
"1,058.71",2013-01-24
"1,054.75",2013-01-23
"1,052.87",2013-01-22
"1,048.02",2013-01-21
,2013-01-20
,2013-01-19
"1,045.64",2013-01-18
"1,047.33",2013-01-17
"1,046.63",2013-01-16
"1,044.45",2013-01-15
"1,045.25",2013-01-14
,2013-01-13
,2013-01-12
"1,046.73",2013-01-11
"1,050.99",2013-01-10
"1,052.08",2013-01-09
"1,052.87",2013-01-08
"1,050.49",2013-01-07
,2013-01-06
,2013-01-05
"1,053.66",2013-01-04
"1,053.66",2013-01-03
"1,055.34",2013-01-02
,2013-01-01
"1,060.39",2012-12-31
,2012-12-30
,2012-12-29
"1,060.59",2012-12-28
"1,063.17",2012-12-27
"1,062.87",2012-12-26
,2012-12-25
"1,064.95",2012-12-24
,2012-12-23
,2012-12-22
"1,063.86",2012-12-21
"1,062.27",2012-12-20
,2012-12-19
"1,060.99",2012-12-18
"1,062.08",2012-12-17
,2012-12-16
,2012-12-15
"1,063.17",2012-12-14
"1,060.69",2012-12-13
"1,063.76",2012-12-12
"1,066.83",2012-12-11
"1,068.81",2012-12-10
,2012-12-09
,2012-12-08
"1,072.57",2012-12-07
"1,071.88",2012-12-06
"1,072.77",2012-12-05
"1,073.07",2012-12-04
"1,072.87",2012-12-03
,2012-12-02
,2012-12-01
"1,072.77",2012-11-30
"1,074.35",2012-11-29
"1,074.45",2012-11-28
"1,073.36",2012-11-27
"1,073.96",2012-11-26
,2012-11-25
,2012-11-24
"1,074.75",2012-11-23
"1,070.10",2012-11-22
"1,071.58",2012-11-21
"1,074.65",2012-11-20
"1,077.22",2012-11-19
,2012-11-18
,2012-11-17
"1,076.53",2012-11-16
"1,075.94",2012-11-15
"1,077.32",2012-11-14
"1,079.10",2012-11-13
"1,078.81",2012-11-12
,2012-11-11
,2012-11-10
"1,081.48",2012-11-09
"1,076.43",2012-11-08
"1,079.40",2012-11-07
"1,080.79",2012-11-06
"1,080.99",2012-11-05
,2012-11-04
,2012-11-03
"1,080.49",2012-11-02
"1,079.60",2012-11-01
"1,080",2012-10-31
"1,085.64",2012-10-30
"1,085.04",2012-10-29
,2012-10-28
,2012-10-27
"1,086.33",2012-10-26
"1,090.79",2012-10-25
"1,093.46",2012-10-24
"1,090.49",2012-10-23
"1,094.94",2012-10-22
,2012-10-21
,2012-10-20
"1,094.75",2012-10-19
"1,094.05",2012-10-18
"1,093.16",2012-10-17
"1,096.63",2012-10-16
"1,102.27",2012-10-15
,2012-10-14
,2012-10-13
"1,101.38",2012-10-12
"1,105.44",2012-10-11
"1,102.67",2012-10-10
"1,099.89",2012-10-09
"1,099.50",2012-10-08
,2012-10-07
,2012-10-06
"1,099.60",2012-10-05
"1,102.17",2012-10-04
,2012-10-03
"1,102.47",2012-10-02
,2012-10-01
,2012-09-30
,2012-09-29
"1,103.95",2012-09-28
"1,107.91",2012-09-27
"1,109.20",2012-09-26
"1,107.72",2012-09-25
"1,108.21",2012-09-24
,2012-09-23
,2012-09-22
"1,108.01",2012-09-21
"1,105.14",2012-09-20
"1,107.42",2012-09-19
"1,106.23",2012-09-18
"1,104.94",2012-09-17
,2012-09-16
,2012-09-15
"1,111.77",2012-09-14
"1,116.13",2012-09-13
"1,115.73",2012-09-12
"1,118.61",2012-09-11
"1,117.12",2012-09-10
,2012-09-09
,2012-09-08
"1,119",2012-09-07
"1,124.55",2012-09-06
"1,123.46",2012-09-05
"1,120.68",2012-09-04
"1,122.47",2012-09-03
,2012-09-02
,2012-09-01
"1,124.05",2012-08-31
"1,123.65",2012-08-30
"1,122.96",2012-08-29
"1,124.94",2012-08-28
"1,124.74",2012-08-27
,2012-08-26
,2012-08-25
"1,122.96",2012-08-24
"1,120.49",2012-08-23
"1,121.28",2012-08-22
"1,121.97",2012-08-21
"1,123.16",2012-08-20
,2012-08-19
,2012-08-18
"1,120.78",2012-08-17
"1,120.88",2012-08-16
,2012-08-15
"1,118.80",2012-08-14
"1,120.59",2012-08-13
,2012-08-12
,2012-08-11
"1,115.04",2012-08-10
"1,117.62",2012-08-09
"1,117.91",2012-08-08
"1,115.64",2012-08-07
"1,114.05",2012-08-06
,2012-08-05
,2012-08-04
"1,125.83",2012-08-03
"1,119.99",2012-08-02
"1,118.70",2012-08-01
"1,124.05",2012-07-31
"1,123.06",2012-07-30
,2012-07-29
,2012-07-28
"1,130.19",2012-07-27
"1,136.82",2012-07-26
"1,140.88",2012-07-25
"1,137.71",2012-07-24
"1,135.53",2012-07-23
,2012-07-22
,2012-07-21
"1,128.90",2012-07-20
"1,126.43",2012-07-19
"1,127.61",2012-07-18
"1,132.66",2012-07-17
"1,136.92",2012-07-16
,2012-07-15
,2012-07-14
"1,143.16",2012-07-13
"1,130.49",2012-07-12
"1,133.55",2012-07-11
"1,132.37",2012-07-10
"1,131.08",2012-07-09
,2012-07-08
,2012-07-07
"1,126.92",2012-07-06
"1,125.63",2012-07-05
"1,124.05",2012-07-04
"1,132.66",2012-07-03
"1,132.07",2012-07-02
,2012-07-01
,2012-06-30
"1,143.95",2012-06-29
"1,141.97",2012-06-28
"1,146.62",2012-06-27
"1,148.90",2012-06-26
"1,149",2012-06-25
,2012-06-24
,2012-06-23
"1,146.33",2012-06-22
"1,136.72",2012-06-21
"1,142.66",2012-06-20
"1,147.41",2012-06-19
"1,146.72",2012-06-18
,2012-06-17
,2012-06-16
"1,152.66",2012-06-15
"1,155.63",2012-06-14
"1,157.61",2012-06-13
"1,160.28",2012-06-12
"1,154.94",2012-06-11
,2012-06-10
,2012-06-09
"1,159.89",2012-06-08
"1,159.69",2012-06-07
,2012-06-06
"1,165.14",2012-06-05
"1,170.38",2012-06-04
,2012-06-03
,2012-06-02
"1,170.28",2012-06-01
"1,170.58",2012-05-31
"1,167.12",2012-05-30
"1,167.81",2012-05-29
,2012-05-28
,2012-05-27
,2012-05-26
"1,166.32",2012-05-25
"1,164.94",2012-05-24
"1,160.58",2012-05-23
"1,152.17",2012-05-22
"1,154.64",2012-05-21
,2012-05-20
,2012-05-19
"1,161.67",2012-05-18
"1,151.18",2012-05-17
"1,147.81",2012-05-16
"1,142.46",2012-05-15
"1,136.43",2012-05-14
,2012-05-13
,2012-05-12
"1,132.37",2012-05-11
"1,132.56",2012-05-10
"1,128.11",2012-05-09
"1,124.45",2012-05-08
"1,127.42",2012-05-07
,2012-05-06
,2012-05-05
"1,120.49",2012-05-04
"1,118.70",2012-05-03
"1,117.32",2012-05-02
,2012-05-01
"1,121.28",2012-04-30
,2012-04-29
,2012-04-28
"1,122.86",2012-04-27
"1,127.42",2012-04-26
"1,128.01",2012-04-25
"1,129.79",2012-04-24
"1,128.11",2012-04-23
,2012-04-22
,2012-04-21
"1,129.30",2012-04-20
"1,129.40",2012-04-19
"1,123.56",2012-04-18
"1,126.13",2012-04-17
"1,125.44",2012-04-16
,2012-04-15
,2012-04-14
"1,121.08",2012-04-13
"1,132.37",2012-04-12
,2012-04-11
"1,125.63",2012-04-10
"1,127.02",2012-04-09
,2012-04-08
,2012-04-07
"1,120.29",2012-04-06
"1,118.70",2012-04-05
"1,115.04",2012-04-04
"1,112.76",2012-04-03
"1,117.22",2012-04-02
,2012-04-01
,2012-03-31
"1,124.05",2012-03-30
"1,126.53",2012-03-29
"1,125.73",2012-03-28
"1,125.63",2012-03-27
"1,125.04",2012-03-26
,2012-03-25
,2012-03-24
"1,122.66",2012-03-23
"1,119.10",2012-03-22
"1,115.04",2012-03-21
"1,109.70",2012-03-20
"1,111.28",2012-03-19
,2012-03-18
,2012-03-17
"1,113.95",2012-03-16
"1,119",2012-03-15
"1,111.08",2012-03-14
"1,111.18",2012-03-13
"1,109.70",2012-03-12
,2012-03-11
,2012-03-10
"1,105.04",2012-03-09
"1,110.29",2012-03-08
"1,116.33",2012-03-07
"1,105.83",2012-03-06
"1,107.22",2012-03-05
,2012-03-04
,2012-03-03
"1,102.57",2012-03-02
,2012-03-01
"1,110.39",2012-02-29
"1,117.02",2012-02-28
"1,117.42",2012-02-27
,2012-02-26
,2012-02-25
"1,113.46",2012-02-24
"1,118.21",2012-02-23
"1,115.44",2012-02-22
"1,113.16",2012-02-21
"1,109.99",2012-02-20
,2012-02-19
,2012-02-18
"1,112.96",2012-02-17
"1,114.65",2012-02-16
"1,113.56",2012-02-15
"1,110.39",2012-02-14
"1,114.55",2012-02-13
,2012-02-12
,2012-02-11
"1,107.22",2012-02-10
"1,109.10",2012-02-09
"1,106.33",2012-02-08
"1,110.49",2012-02-07
"1,107.12",2012-02-06
,2012-02-05
,2012-02-04
"1,108.80",2012-02-03
"1,106.92",2012-02-02
"1,115.73",2012-02-01
"1,116.03",2012-01-31
"1,112.86",2012-01-30
,2012-01-29
,2012-01-28
"1,114.25",2012-01-27
"1,110.09",2012-01-26
"1,115.24",2012-01-25
,2012-01-24
,2012-01-23
,2012-01-22
,2012-01-21
"1,122.86",2012-01-20
"1,124.55",2012-01-19
"1,133.16",2012-01-18
"1,135.44",2012-01-17
"1,143.36",2012-01-16
,2012-01-15
,2012-01-14
"1,140.19",2012-01-13
"1,147.12",2012-01-12
"1,147.81",2012-01-11
"1,145.53",2012-01-10
"1,152.96",2012-01-09
,2012-01-08
,2012-01-07
"1,144.44",2012-01-06
"1,137.51",2012-01-05
"1,135.73",2012-01-04
"1,140.68",2012-01-03
"1,142.56",2012-01-02
,2012-01-01
,2011-12-31
"1,141.77",2011-12-30
"1,145.14",2011-12-29
"1,147.12",2011-12-28
"1,141.47",2011-12-27
"1,135.44",2011-12-26
,2011-12-25
,2011-12-24
"1,138.80",2011-12-23
"1,141.97",2011-12-22
"1,144.94",2011-12-21
"1,158.80",2011-12-20
"1,151.18",2011-12-19
,2011-12-18
,2011-12-17
"1,142.56",2011-12-16
"1,148.90",2011-12-15
"1,148.21",2011-12-14
"1,145.43",2011-12-13
"1,132.66",2011-12-12
,2011-12-11
,2011-12-10
"1,127.71",2011-12-09
"1,119.89",2011-12-08
"1,115.83",2011-12-07
"1,119.40",2011-12-06
"1,117.52",2011-12-05
,2011-12-04
,2011-12-03
"1,114.74",2011-12-02
"1,115.93",2011-12-01
"1,128.11",2011-11-30
"1,142.07",2011-11-29
"1,145.53",2011-11-28
,2011-11-27
,2011-11-26
"1,146.62",2011-11-25
"1,146.13",2011-11-24
"1,134.54",2011-11-23
"1,132.17",2011-11-22
"1,129.40",2011-11-21
,2011-11-20
,2011-11-19
"1,126.82",2011-11-18
"1,131.57",2011-11-17
"1,120.09",2011-11-16
"1,113.75",2011-11-15
"1,109.30",2011-11-14
,2011-11-13
,2011-11-12
"1,119",2011-11-11
"1,123.26",2011-11-10
"1,101.58",2011-11-09
"1,104.05",2011-11-08
"1,101.97",2011-11-07
,2011-11-06
,2011-11-05
"1,103.46",2011-11-04
"1,121.48",2011-11-03
"1,117.22",2011-11-02
"1,102.27",2011-11-01
"1,089.20",2011-10-31
,2011-10-30
,2011-10-29
"1,092.27",2011-10-28
"1,118.90",2011-10-27
"1,119.50",2011-10-26
"1,118.61",2011-10-25
"1,128.60",2011-10-24
,2011-10-23
,2011-10-22
"1,137.51",2011-10-21
"1,123.85",2011-10-20
"1,130.68",2011-10-19
"1,137.12",2011-10-18
"1,136.52",2011-10-17
,2011-10-16
,2011-10-15
"1,152.36",2011-10-14
"1,146.13",2011-10-13
"1,163.45",2011-10-12
"1,150.98",2011-10-11
"1,160.28",2011-10-10
,2011-10-09
,2011-10-08
"1,171.67",2011-10-07
"1,172.56",2011-10-06
"1,180.58",2011-10-05
"1,194.84",2011-10-04
,2011-10-03
,2011-10-02
,2011-10-01
"1,167.02",2011-09-30
"1,169.39",2011-09-29
"1,161.47",2011-09-28
,2011-09-27
"1,176.62",2011-09-26
,2011-09-25
,2011-09-24
"1,178.60",2011-09-23
"1,166.42",2011-09-22
"1,134.74",2011-09-21
"1,134.35",2011-09-20
"1,104.25",2011-09-19
,2011-09-18
,2011-09-17
"1,102.07",2011-09-16
"1,090.19",2011-09-15
"1,082.27",2011-09-14
,2011-09-13
,2011-09-12
,2011-09-11
,2011-09-10
"1,064.55",2011-09-09
"1,060",2011-09-08
"1,060.79",2011-09-07
"1,058.61",2011-09-06
"1,058.61",2011-09-05
,2011-09-04
,2011-09-03
"1,051.48",2011-09-02
"1,053.56",2011-09-01
"1,062.57",2011-08-31
"1,061.28",2011-08-30
"1,067.92",2011-08-29
,2011-08-28
,2011-08-27
"1,073.07",2011-08-26
"1,072.87",2011-08-25
"1,066.93",2011-08-24
"1,071.88",2011-08-23
"1,072.37",2011-08-22
,2011-08-21
,2011-08-20
"1,071.18",2011-08-19
"1,061.09",2011-08-18
"1,062.18",2011-08-17
"1,059.11",2011-08-16
,2011-08-15
,2011-08-14
,2011-08-13
"1,064.95",2011-08-12
"1,077.72",2011-08-11
"1,069.90",2011-08-10
"1,080.49",2011-08-09
"1,058.02",2011-08-08
,2011-08-07
,2011-08-06
"1,058.91",2011-08-05
"1,045.94",2011-08-04
"1,047.33",2011-08-03
"1,040.40",2011-08-02
"1,038.81",2011-08-01
,2011-07-31
,2011-07-30
"1,042.67",2011-07-29
"1,042.08",2011-07-28
"1,040.20",2011-07-27
"1,043.56",2011-07-26
"1,043.27",2011-07-25
,2011-07-24
,2011-07-23
"1,041.29",2011-07-22
"1,044.95",2011-07-21
"1,044.65",2011-07-20
"1,048.91",2011-07-19
"1,051.48",2011-07-18
,2011-07-17
,2011-07-16
"1,046.24",2011-07-15
"1,044.75",2011-07-14
"1,053.56",2011-07-13
"1,056.33",2011-07-12
"1,050.79",2011-07-11
,2011-07-10
,2011-07-09
"1,048.91",2011-07-08
"1,054.26",2011-07-07
"1,054.65",2011-07-06
"1,054.26",2011-07-05
"1,053.46",2011-07-04
,2011-07-03
,2011-07-02
"1,057.42",2011-07-01
"1,061.19",2011-06-30
"1,067.13",2011-06-29
"1,070",2011-06-28
"1,076.04",2011-06-27
,2011-06-26
,2011-06-25
"1,066.83",2011-06-24
"1,065.64",2011-06-23
"1,063.76",2011-06-22
"1,071.98",2011-06-21
"1,071.18",2011-06-20
,2011-06-19
,2011-06-18
"1,075.05",2011-06-17
"1,076.13",2011-06-16
"1,070.49",2011-06-15
"1,074.55",2011-06-14
"1,074.55",2011-06-13
,2011-06-12
,2011-06-11
"1,069.20",2011-06-10
"1,072.08",2011-06-09
"1,069.30",2011-06-08
"1,068.91",2011-06-07
,2011-06-06
,2011-06-05
,2011-06-04
"1,065.24",2011-06-03
"1,068.91",2011-06-02
"1,067.32",2011-06-01
"1,065.84",2011-05-31
"1,070.19",2011-05-30
,2011-05-29
,2011-05-28
"1,072.27",2011-05-27
"1,079.80",2011-05-26
"1,082.77",2011-05-25
"1,083.46",2011-05-24
"1,077.82",2011-05-23
,2011-05-22
,2011-05-21
"1,072.47",2011-05-20
"1,075.74",2011-05-19
"1,075.64",2011-05-18
"1,081.78",2011-05-17
"1,083.66",2011-05-16
,2011-05-15
,2011-05-14
"1,075.84",2011-05-13
"1,070.39",2011-05-12
"1,063.76",2011-05-11
,2011-05-10
"1,069.70",2011-05-09
,2011-05-08
,2011-05-07
"1,075.44",2011-05-06
,2011-05-05
"1,063.07",2011-05-04
"1,058.02",2011-05-03
"1,056.24",2011-05-02
,2011-05-01
,2011-04-30
"1,063.17",2011-04-29
"1,061.19",2011-04-28
"1,070.39",2011-04-27
"1,075.34",2011-04-26
"1,070",2011-04-25
,2011-04-24
,2011-04-23
"1,070.89",2011-04-22
"1,069.80",2011-04-21
"1,072.77",2011-04-20
"1,081.28",2011-04-19
"1,079.50",2011-04-18
,2011-04-17
,2011-04-16
"1,075.34",2011-04-15
"1,078.71",2011-04-14
"1,081.78",2011-04-13
"1,079.90",2011-04-12
"1,073.36",2011-04-11
,2011-04-10
,2011-04-09
"1,076.33",2011-04-08
"1,077.22",2011-04-07
"1,074.75",2011-04-06
"1,078.11",2011-04-05
"1,075.84",2011-04-04
,2011-04-03
,2011-04-02
"1,086.23",2011-04-01
"1,090.89",2011-03-31
"1,097.72",2011-03-30
"1,103.95",2011-03-29
"1,103.16",2011-03-28
,2011-03-27
,2011-03-26
"1,104.65",2011-03-25
"1,112.17",2011-03-24
"1,113.66",2011-03-23
"1,111.28",2011-03-22
"1,116.63",2011-03-21
,2011-03-20
,2011-03-19
"1,119.40",2011-03-18
"1,126.82",2011-03-17
"1,120.68",2011-03-16
"1,115.24",2011-03-15
"1,114.55",2011-03-14
,2011-03-13
,2011-03-12
"1,113.06",2011-03-11
"1,102.77",2011-03-10
"1,102.96",2011-03-09
"1,107.22",2011-03-08
"1,105.14",2011-03-07
,2011-03-06
,2011-03-05
"1,106.03",2011-03-04
"1,112.37",2011-03-03
"1,116.63",2011-03-02
,2011-03-01
"1,118.11",2011-02-28
,2011-02-27
,2011-02-26
"1,117.32",2011-02-25
"1,114.15",2011-02-24
"1,114.05",2011-02-23
"1,113.26",2011-02-22
"1,103.16",2011-02-21
,2011-02-20
,2011-02-19
"1,102.86",2011-02-18
"1,104.65",2011-02-17
"1,110.19",2011-02-16
"1,113.56",2011-02-15
"1,112.07",2011-02-14
,2011-02-13
,2011-02-12
"1,104.84",2011-02-11
"1,100.79",2011-02-10
"1,092.57",2011-02-09
"1,093.86",2011-02-08
"1,096.23",2011-02-07
,2011-02-06
,2011-02-05
,2011-02-04
,2011-02-03
,2011-02-02
"1,106.43",2011-02-01
"1,112.67",2011-01-31
,2011-01-30
,2011-01-29
"1,102.67",2011-01-28
"1,103.26",2011-01-27
"1,108.21",2011-01-26
"1,106.03",2011-01-25
"1,107.32",2011-01-24
,2011-01-23
,2011-01-22
"1,110.98",2011-01-21
"1,105.44",2011-01-20
"1,102.07",2011-01-19
"1,106.03",2011-01-18
"1,101.18",2011-01-17
,2011-01-16
,2011-01-15
"1,103.26",2011-01-14
"1,101.18",2011-01-13
"1,110.69",2011-01-12
"1,117.02",2011-01-11
"1,110.49",2011-01-10
,2011-01-09
,2011-01-08
"1,112.67",2011-01-07
"1,112.47",2011-01-06
"1,112.86",2011-01-05
"1,111.97",2011-01-04
"1,116.72",2011-01-03
,2011-01-02
,2011-01-01
"1,123.46",2010-12-31
"1,129.20",2010-12-30
"1,136.23",2010-12-29
"1,135.83",2010-12-28
"1,139.40",2010-12-27
,2010-12-26
,2010-12-25
"1,142.66",2010-12-24
"1,141.38",2010-12-23
"1,143.95",2010-12-22
"1,144.74",2010-12-21
"1,155.43",2010-12-20
,2010-12-19
,2010-12-18
"1,140.29",2010-12-17
"1,145.43",2010-12-16
"1,136.72",2010-12-15
"1,131.38",2010-12-14
"1,130.09",2010-12-13
,2010-12-12
,2010-12-11
"1,128.01",2010-12-10
"1,127.42",2010-12-09
"1,126.23",2010-12-08
"1,124.74",2010-12-07
"1,123.16",2010-12-06
,2010-12-05
,2010-12-04
"1,133.65",2010-12-03
"1,135.34",2010-12-02
"1,145.83",2010-12-01
"1,143.45",2010-11-30
"1,149.89",2010-11-29
,2010-11-28
,2010-11-27
"1,130.09",2010-11-26
"1,136.52",2010-11-25
"1,142.07",2010-11-24
"1,120.68",2010-11-23
"1,116.82",2010-11-22
,2010-11-21
,2010-11-20
"1,119.30",2010-11-19
"1,127.12",2010-11-18
"1,126.13",2010-11-17
"1,121.18",2010-11-16
"1,119.69",2010-11-15
,2010-11-14
,2010-11-13
"1,100.79",2010-11-12
"1,098.21",2010-11-11
"1,105.04",2010-11-10
"1,107.32",2010-11-09
"1,101.58",2010-11-08
,2010-11-07
,2010-11-06
"1,094.15",2010-11-05
"1,096.63",2010-11-04
"1,098.51",2010-11-03
"1,105.34",2010-11-02
"1,107.32",2010-11-01
,2010-10-31
,2010-10-30
"1,114.74",2010-10-29
"1,115.14",2010-10-28
"1,108.80",2010-10-27
"1,106.33",2010-10-26
"1,105.34",2010-10-25
,2010-10-24
,2010-10-23
"1,120.19",2010-10-22
"1,112.57",2010-10-21
"1,124.25",2010-10-20
"1,105.64",2010-10-19
"1,104.25",2010-10-18
,2010-10-17
,2010-10-16
"1,103.56",2010-10-15
"1,104.55",2010-10-14
"1,107.91",2010-10-13
"1,113.95",2010-10-12
"1,102.86",2010-10-11
,2010-10-10
,2010-10-09
"1,111.38",2010-10-08
"1,107.42",2010-10-07
"1,111.08",2010-10-06
"1,113.95",2010-10-05
"1,114.05",2010-10-04
,2010-10-03
,2010-10-02
"1,125.34",2010-10-01
"1,129.69",2010-09-30
"1,131.97",2010-09-29
"1,137.61",2010-09-28
"1,136.52",2010-09-27
,2010-09-26
,2010-09-25
"1,145.93",2010-09-24
,2010-09-23
,2010-09-22
,2010-09-21
"1,151.08",2010-09-20
,2010-09-19
,2010-09-18
"1,153.16",2010-09-17
"1,151.08",2010-09-16
"1,146.82",2010-09-15
"1,151.18",2010-09-14
"1,149",2010-09-13
,2010-09-12
,2010-09-11
"1,155.73",2010-09-10
"1,160.28",2010-09-09
"1,165.43",2010-09-08
"1,164.34",2010-09-07
"1,160.98",2010-09-06
,2010-09-05
,2010-09-04
"1,166.42",2010-09-03
"1,167.71",2010-09-02
"1,181.07",2010-09-01
"1,184.74",2010-08-31
"1,176.72",2010-08-30
,2010-08-29
,2010-08-28
"1,181.47",2010-08-27
"1,186.82",2010-08-26
"1,181.97",2010-08-25
"1,175.73",2010-08-24
"1,171.17",2010-08-23
,2010-08-22
,2010-08-21
"1,167.91",2010-08-20
"1,160.78",2010-08-19
"1,163.25",2010-08-18
"1,171.08",2010-08-17
"1,184.54",2010-08-16
,2010-08-15
,2010-08-14
"1,176.92",2010-08-13
"1,183.85",2010-08-12
"1,165.23",2010-08-11
"1,153.16",2010-08-10
"1,145.73",2010-08-09
,2010-08-08
,2010-08-07
"1,155.63",2010-08-06
"1,156.23",2010-08-05
"1,159.29",2010-08-04
"1,155.83",2010-08-03
"1,160.19",2010-08-02
,2010-08-01
,2010-07-31
"1,174.74",2010-07-30
"1,175.93",2010-07-29
"1,176.03",2010-07-28
"1,173.15",2010-07-27
"1,184.84",2010-07-26
,2010-07-25
,2010-07-24
"1,184.64",2010-07-23
"1,195.43",2010-07-22
"1,192.06",2010-07-21
"1,204.14",2010-07-20
"1,202.06",2010-07-19
,2010-07-18
,2010-07-17
"1,187.71",2010-07-16
"1,194.34",2010-07-15
"1,189.19",2010-07-14
"1,185.73",2010-07-13
"1,183.15",2010-07-12
,2010-07-11
,2010-07-10
"1,192.36",2010-07-09
"1,200.28",2010-07-08
"1,210.77",2010-07-07
"1,218.50",2010-07-06
"1,209.59",2010-07-05
,2010-07-04
,2010-07-03
"1,211.27",2010-07-02
"1,216.71",2010-07-01
"1,225.43",2010-06-30
"1,192.56",2010-06-29
"1,186.92",2010-06-28
,2010-06-27
,2010-06-26
"1,189.98",2010-06-25
"1,173.45",2010-06-24
"1,182.06",2010-06-23
"1,173.15",2010-06-22
"1,167.21",2010-06-21
,2010-06-20
,2010-06-19
"1,195.33",2010-06-18
"1,201.57",2010-06-17
"1,200.38",2010-06-16
"1,209.19",2010-06-15
"1,211.07",2010-06-14
,2010-06-13
,2010-06-12
"1,224.04",2010-06-11
"1,253.05",2010-06-10
"1,226.32",2010-06-09
"1,219.29",2010-06-08
"1,225.13",2010-06-07
,2010-06-06
,2010-06-05
"1,191.47",2010-06-04
"1,195.92",2010-06-03
,2010-06-02
"1,193.55",2010-06-01
"1,198.89",2010-05-31
,2010-05-30
,2010-05-29
"1,194.44",2010-05-28
"1,230.38",2010-05-27
"1,236.02",2010-05-26
"1,231.56",2010-05-25
"1,206.81",2010-05-24
,2010-05-23
,2010-05-22
,2010-05-21
"1,164.74",2010-05-20
"1,153.85",2010-05-19
"1,138.90",2010-05-18
"1,132.07",2010-05-17
,2010-05-16
,2010-05-15
"1,124.45",2010-05-14
"1,120.68",2010-05-13
"1,123.65",2010-05-12
"1,117.02",2010-05-11
"1,124.55",2010-05-10
,2010-05-09
,2010-05-08
"1,153.85",2010-05-07
"1,123.75",2010-05-06
,2010-05-05
"1,102.37",2010-05-04
"1,102.37",2010-05-03
,2010-05-02
,2010-05-01
"1,097.12",2010-04-30
"1,103.95",2010-04-29
"1,109.89",2010-04-28
"1,093.95",2010-04-27
"1,093.66",2010-04-26
,2010-04-25
,2010-04-24
"1,099.50",2010-04-23
"1,098.71",2010-04-22
"1,101.08",2010-04-21
"1,103.36",2010-04-20
"1,105.24",2010-04-19
,2010-04-18
,2010-04-17
"1,103.56",2010-04-16
"1,098.81",2010-04-15
"1,105.74",2010-04-14
"1,105.93",2010-04-13
"1,100.88",2010-04-12
,2010-04-11
,2010-04-10
"1,107.62",2010-04-09
"1,111.38",2010-04-08
"1,111.38",2010-04-07
"1,111.68",2010-04-06
"1,113.36",2010-04-05
,2010-04-04
,2010-04-03
"1,113.56",2010-04-02
"1,117.62",2010-04-01
"1,121.28",2010-03-31
"1,119.40",2010-03-30
"1,128.80",2010-03-29
,2010-03-28
,2010-03-27
"1,131.67",2010-03-26
"1,129.30",2010-03-25
"1,124.05",2010-03-24
"1,123.26",2010-03-23
"1,124.94",2010-03-22
,2010-03-21
,2010-03-20
"1,122.07",2010-03-19
"1,119.40",2010-03-18
"1,119.40",2010-03-17
"1,123.75",2010-03-16
"1,122.17",2010-03-15
,2010-03-14
,2010-03-13
"1,120.88",2010-03-12
"1,116.43",2010-03-11
"1,122.57",2010-03-10
"1,122.66",2010-03-09
"1,122.86",2010-03-08
,2010-03-07
,2010-03-06
"1,130.88",2010-03-05
"1,132.37",2010-03-04
"1,134.84",2010-03-03
"1,141.87",2010-03-02
,2010-03-01
,2010-02-28
,2010-02-27
"1,148.21",2010-02-26
"1,144.94",2010-02-25
"1,145.83",2010-02-24
"1,136.52",2010-02-23
"1,140.39",2010-02-22
,2010-02-21
,2010-02-20
"1,144.54",2010-02-19
"1,134.05",2010-02-18
"1,132.07",2010-02-17
"1,142.07",2010-02-16
,2010-02-15
,2010-02-14
,2010-02-13
"1,144.94",2010-02-12
"1,145.53",2010-02-11
"1,144.74",2010-02-10
"1,156.82",2010-02-09
"1,160.28",2010-02-08
,2010-02-07
,2010-02-06
"1,159.79",2010-02-05
"1,141.77",2010-02-04
"1,140.09",2010-02-03
"1,146.42",2010-02-02
"1,148.90",2010-02-01
,2010-01-31
,2010-01-30
"1,147.51",2010-01-29
"1,149.39",2010-01-28
"1,148.90",2010-01-27
"1,131.87",2010-01-26
"1,137.22",2010-01-25
,2010-01-24
,2010-01-23
"1,137.22",2010-01-22
"1,126.53",2010-01-21
"1,116.72",2010-01-20
"1,112.17",2010-01-19
"1,117.12",2010-01-18
,2010-01-17
,2010-01-16
"1,110.98",2010-01-15
"1,111.87",2010-01-14
"1,115.73",2010-01-13
"1,112.07",2010-01-12
"1,110.09",2010-01-11
,2010-01-10
,2010-01-09
"1,122.76",2010-01-08
"1,120.68",2010-01-07
"1,129.99",2010-01-06
"1,135.83",2010-01-05
"1,149.39",2010-01-04
,2010-01-03
,2010-01-02
,2010-01-01
"1,158.70",2009-12-31
"1,158.70",2009-12-30
"1,158.70",2009-12-29
"1,158.11",2009-12-28
,2009-12-27
,2009-12-26
,2009-12-25
"1,165.63",2009-12-24
"1,171.87",2009-12-23
"1,173.45",2009-12-22
"1,168.70",2009-12-21
,2009-12-20
,2009-12-19
"1,168.60",2009-12-18
"1,157.51",2009-12-17
"1,154.05",2009-12-16
"1,149.39",2009-12-15
"1,154.64",2009-12-14
,2009-12-13
,2009-12-12
"1,153.45",2009-12-11
"1,150.29",2009-12-10
"1,148.01",2009-12-09
"1,142.17",2009-12-08
"1,145.14",2009-12-07
,2009-12-06
,2009-12-05
"1,141.47",2009-12-04
"1,142.96",2009-12-03
"1,142.37",2009-12-02
"1,150.29",2009-12-01
"1,151.08",2009-11-30
,2009-11-29
,2009-11-28
"1,150.98",2009-11-27
"1,141.18",2009-11-26
"1,145.34",2009-11-25
"1,145.24",2009-11-24
"1,146.82",2009-11-23
,2009-11-22
,2009-11-21
"1,152.36",2009-11-20
"1,142.37",2009-11-19
"1,142.07",2009-11-18
"1,140.09",2009-11-17
"1,145.04",2009-11-16
,2009-11-15
,2009-11-14
"1,149.39",2009-11-13
"1,144.44",2009-11-12
"1,146.92",2009-11-11
"1,146.13",2009-11-10
"1,150.09",2009-11-09
,2009-11-08
,2009-11-07
"1,160.88",2009-11-06
"1,166.52",2009-11-05
"1,169.10",2009-11-04
"1,165.23",2009-11-03
"1,177.91",2009-11-02
,2009-11-01
,2009-10-31
"1,172.86",2009-10-30
"1,191.37",2009-10-29
"1,182.46",2009-10-28
"1,174.44",2009-10-27
"1,170.09",2009-10-26
,2009-10-25
,2009-10-24
"1,175.83",2009-10-23
"1,166.22",2009-10-22
"1,164.74",2009-10-21
"1,156.13",2009-10-20
"1,161.87",2009-10-19
,2009-10-18
,2009-10-17
"1,146.23",2009-10-16
"1,148.11",2009-10-15
"1,157.91",2009-10-14
"1,155.43",2009-10-13
"1,159.69",2009-10-12
,2009-10-11
,2009-10-10
"1,155.04",2009-10-09
"1,157.61",2009-10-08
"1,158.70",2009-10-07
"1,160.19",2009-10-06
"1,162.07",2009-10-05
,2009-10-04
,2009-10-03
,2009-10-02
"1,161.67",2009-10-01
"1,171.77",2009-09-30
"1,181.07",2009-09-29
"1,177.81",2009-09-28
,2009-09-27
,2009-09-26
"1,186.02",2009-09-25
"1,183.75",2009-09-24
"1,184.44",2009-09-23
"1,193.05",2009-09-22
"1,194.34",2009-09-21
,2009-09-20
,2009-09-19
"1,196.72",2009-09-18
"1,195.13",2009-09-17
"1,199.29",2009-09-16
"1,209.98",2009-09-15
"1,213.55",2009-09-14
,2009-09-13
,2009-09-12
"1,211.17",2009-09-11
"1,214.54",2009-09-10
"1,212.06",2009-09-09
"1,218.50",2009-09-08
"1,223.05",2009-09-07
,2009-09-06
,2009-09-05
"1,233.94",2009-09-04
"1,234.83",2009-09-03
"1,238.79",2009-09-02
"1,236.32",2009-09-01
"1,233.35",2009-08-31
,2009-08-30
,2009-08-29
"1,233.35",2009-08-28
"1,236.32",2009-08-27
"1,236.32",2009-08-26
"1,234.83",2009-08-25
"1,230.48",2009-08-24
,2009-08-23
,2009-08-22
"1,231.56",2009-08-21
"1,236.02",2009-08-20
"1,236.91",2009-08-19
"1,243.44",2009-08-18
"1,234.04",2009-08-17
,2009-08-16
,2009-08-15
"1,220.28",2009-08-14
"1,224.63",2009-08-13
"1,233.64",2009-08-12
"1,223.94",2009-08-11
"1,210.28",2009-08-10
,2009-08-09
,2009-08-08
"1,214.14",2009-08-07
"1,210.68",2009-08-06
"1,208.20",2009-08-05
"1,205.82",2009-08-04
"1,208.99",2009-08-03
,2009-08-02
,2009-08-01
"1,220.18",2009-07-31
"1,229.09",2009-07-30
"1,225.43",2009-07-29
"1,232.26",2009-07-28
"1,235.92",2009-07-27
,2009-07-26
,2009-07-25
"1,234.14",2009-07-24
"1,239.78",2009-07-23
"1,240.08",2009-07-22
"1,236.02",2009-07-21
"1,242.65",2009-07-20
,2009-07-19
,2009-07-18
"1,249.68",2009-07-17
"1,254.53",2009-07-16
"1,271.07",2009-07-15
"1,285.02",2009-07-14
"1,272.45",2009-07-13
,2009-07-12
,2009-07-11
"1,262.06",2009-07-10
"1,267.80",2009-07-09
"1,266.41",2009-07-08
"1,256.22",2009-07-07
"1,254.04",2009-07-06
,2009-07-05
,2009-07-04
"1,263.24",2009-07-03
"1,246.71",2009-07-02
"1,257.01",2009-07-01
"1,266.41",2009-06-30
"1,267.70",2009-06-29
,2009-06-28
,2009-06-27
"1,275.12",2009-06-26
"1,267.60",2009-06-25
"1,265.52",2009-06-24
"1,272.65",2009-06-23
"1,255.62",2009-06-22
,2009-06-21
,2009-06-20
"1,250.67",2009-06-19
"1,248.89",2009-06-18
"1,249.48",2009-06-17
"1,253.84",2009-06-16
"1,248.59",2009-06-15
,2009-06-14
,2009-06-13
"1,238.79",2009-06-12
"1,241.46",2009-06-11
"1,244.63",2009-06-10
"1,240.57",2009-06-09
"1,236.02",2009-06-08
,2009-06-07
,2009-06-06
"1,233.35",2009-06-05
"1,229.58",2009-06-04
"1,227.01",2009-06-03
"1,223.35",2009-06-02
"1,241.96",2009-06-01
,2009-05-31
,2009-05-30
"1,247.21",2009-05-29
"1,264.73",2009-05-28
"1,246.91",2009-05-27
"1,245.42",2009-05-26
"1,233.54",2009-05-25
,2009-05-24
,2009-05-23
"1,227.11",2009-05-22
"1,235.33",2009-05-21
"1,240.47",2009-05-20
"1,231.07",2009-05-19
"1,259.78",2009-05-18
,2009-05-17
,2009-05-16
"1,252.85",2009-05-15
"1,236.32",2009-05-14
"1,223.84",2009-05-13
"1,230.08",2009-05-12
"1,225.62",2009-05-11
,2009-05-10
,2009-05-09
"1,249.88",2009-05-08
"1,251.36",2009-05-07
"1,260.27",2009-05-06
,2009-05-05
"1,259.28",2009-05-04
,2009-05-03
,2009-05-02
,2009-05-01
"1,306.80",2009-04-30
"1,342.44",2009-04-29
"1,334.52",2009-04-28
"1,323.14",2009-04-27
,2009-04-26
,2009-04-25
"1,326.60",2009-04-24
"1,335.61",2009-04-23
"1,330.07",2009-04-22
"1,338.68",2009-04-21
"1,328.58",2009-04-20
,2009-04-19
,2009-04-18
"1,313.54",2009-04-17
"1,305.81",2009-04-16
"1,318.49",2009-04-15
"1,314.72",2009-04-14
"1,325.81",2009-04-13
,2009-04-12
,2009-04-11
"1,305.81",2009-04-10
"1,330.56",2009-04-09
"1,321.16",2009-04-08
"1,317.20",2009-04-07
"1,307.79",2009-04-06
,2009-04-05
,2009-04-04
"1,310.27",2009-04-03
"1,349.37",2009-04-02
"1,365.21",2009-04-01
"1,384.02",2009-03-31
"1,350.86",2009-03-30
,2009-03-29
,2009-03-28
"1,300.37",2009-03-27
"1,338.48",2009-03-26
"1,371.45",2009-03-25
"1,370.16",2009-03-24
"1,380.56",2009-03-23
,2009-03-22
,2009-03-21
"1,373.63",2009-03-20
"1,381.55",2009-03-19
"1,398.87",2009-03-18
"1,405.31",2009-03-17
"1,451.84",2009-03-16
,2009-03-15
,2009-03-14
"1,460.75",2009-03-13
"1,466.69",2009-03-12
"1,454.81",2009-03-11
"1,533.81",2009-03-10
"1,529.36",2009-03-09
,2009-03-08
,2009-03-07
"1,563.21",2009-03-06
"1,526.09",2009-03-05
"1,561.23",2009-03-04
"1,577.07",2009-03-03
"1,550.34",2009-03-02
,2009-03-01
,2009-02-28
"1,506.19",2009-02-27
"1,498.37",2009-02-26
"1,490.75",2009-02-25
"1,496.88",2009-02-24
"1,496.39",2009-02-23
,2009-02-22
,2009-02-21
"1,479.56",2009-02-20
"1,455.30",2009-02-19
"1,450.85",2009-02-18
"1,426.69",2009-02-17
"1,395.61",2009-02-16
,2009-02-15
,2009-02-14
"1,386.99",2009-02-13
"1,382.04",2009-02-12
"1,387.49",2009-02-11
"1,375.11",2009-02-10
"1,360.96",2009-02-09
,2009-02-08
,2009-02-07
"1,364.52",2009-02-06
"1,370.66",2009-02-05
"1,362.84",2009-02-04
"1,378.48",2009-02-03
"1,379.07",2009-02-02
,2009-02-01
,2009-01-31
"1,370.96",2009-01-30
"1,356.30",2009-01-29
"1,369.67",2009-01-28
,2009-01-27
,2009-01-26
,2009-01-25
,2009-01-24
"1,379.07",2009-01-23
"1,357.29",2009-01-22
"1,364.22",2009-01-21
"1,365.21",2009-01-20
"1,335.51",2009-01-19
,2009-01-18
,2009-01-17
"1,360.26",2009-01-16
"1,352.64",2009-01-15
"1,329.08",2009-01-14
"1,356.30",2009-01-13
"1,343.43",2009-01-12
,2009-01-11
,2009-01-10
"1,316.21",2009-01-09
"1,302.84",2009-01-08
"1,277.50",2009-01-07
"1,305.12",2009-01-06
"1,298.49",2009-01-05
,2009-01-04
,2009-01-03
"1,296.90",2009-01-02
,2009-01-01
"1,243.44",2008-12-31
"1,243.44",2008-12-30
"1,267.20",2008-12-29
,2008-12-28
,2008-12-27
"1,274.63",2008-12-26
,2008-12-25
"1,301.85",2008-12-24
"1,308.29",2008-12-23
"1,272.85",2008-12-22
,2008-12-21
,2008-12-20
"1,275.12",2008-12-19
"1,286.51",2008-12-18
"1,312.74",2008-12-17
"1,347.39",2008-12-16
"1,338.98",2008-12-15
,2008-12-14
,2008-12-13
"1,342.44",2008-12-12
"1,333.53",2008-12-11
"1,424.61",2008-12-10
"1,426.89",2008-12-09
"1,450.85",2008-12-08
,2008-12-07
,2008-12-06
"1,475.60",2008-12-05
"1,452.33",2008-12-04
"1,448.37",2008-12-03
"1,445.70",2008-12-02
"1,460.06",2008-12-01
,2008-11-30
,2008-11-29
"1,442.53",2008-11-28
"1,468.67",2008-11-27
"1,485.80",2008-11-26
"1,475.01",2008-11-25
"1,483.22",2008-11-24
,2008-11-23
,2008-11-22
"1,499.85",2008-11-21
"1,463.13",2008-11-20
"1,433.52",2008-11-19
"1,406.79",2008-11-18
"1,401.84",2008-11-17
,2008-11-16
,2008-11-15
"1,371.25",2008-11-14
"1,386",2008-11-13
"1,332.54",2008-11-12
"1,335.51",2008-11-11
"1,316.70",2008-11-10
,2008-11-09
,2008-11-08
"1,348.38",2008-11-07
"1,299.68",2008-11-06
"1,248.99",2008-11-05
"1,264.73",2008-11-04
"1,285.82",2008-11-03
,2008-11-02
,2008-11-01
"1,265.72",2008-10-31
"1,310.76",2008-10-30
"1,402.83",2008-10-29
"1,461.54",2008-10-28
"1,408.28",2008-10-27
,2008-10-26
,2008-10-25
"1,402.34",2008-10-24
"1,407.78",2008-10-23
"1,349.37",2008-10-22
"1,308.29",2008-10-21
"1,298.39",2008-10-20
,2008-10-19
,2008-10-18
"1,310.76",2008-10-17
"1,296.90",2008-10-16
"1,213.94",2008-10-15
"1,193.45",2008-10-14
"1,248.89",2008-10-13
,2008-10-12
,2008-10-11
"1,390.95",2008-10-10
"1,422.63",2008-10-09
"1,351.85",2008-10-08
"1,325.12",2008-10-07
"1,235.52",2008-10-06
,2008-10-05
,2008-10-04
,2008-10-03
"1,191.17",2008-10-02
"1,178.01",2008-10-01
"1,207.31",2008-09-30
"1,172.66",2008-09-29
,2008-09-28
,2008-09-27
"1,142.46",2008-09-26
"1,152.36",2008-09-25
"1,141.18",2008-09-24
"1,140.58",2008-09-23
"1,115.73",2008-09-22
,2008-09-21
,2008-09-20
"1,117.71",2008-09-19
"1,130.49",2008-09-18
"1,134.05",2008-09-17
"1,129.10",2008-09-16
,2008-09-15
,2008-09-14
,2008-09-13
"1,092.37",2008-09-12
"1,093.46",2008-09-11
"1,074.95",2008-09-10
"1,089.70",2008-09-09
"1,088.01",2008-09-08
,2008-09-07
,2008-09-06
"1,130.68",2008-09-05
"1,132.27",2008-09-04
"1,141.97",2008-09-03
"1,101.78",2008-09-02
"1,087.82",2008-09-01
,2008-08-31
,2008-08-30
"1,077.42",2008-08-29
"1,071.68",2008-08-28
"1,071.98",2008-08-27
"1,074.75",2008-08-26
"1,063.36",2008-08-25
,2008-08-24
,2008-08-23
"1,045.15",2008-08-22
"1,040.20",2008-08-21
"1,038.22",2008-08-20
"1,035.25",2008-08-19
"1,032.87",2008-08-18
,2008-08-17
,2008-08-16
,2008-08-15
"1,027.23",2008-08-14
"1,026.93",2008-08-13
"1,022.58",2008-08-12
"1,023.86",2008-08-11
,2008-08-10
,2008-08-09
"1,012.08",2008-08-08
"1,005.05",2008-08-07
"1,006.14",2008-08-06
"1,006.64",2008-08-05
"1,006.64",2008-08-04
,2008-08-03
,2008-08-02
"1,003.27",2008-08-01
"1,000.89",2008-07-31
997.03,2008-07-30
"1,000.80",2008-07-29
996.34,2008-07-28
,2008-07-27
,2008-07-26
997.73,2008-07-25
999.11,2008-07-24
"1,003.17",2008-07-23
"1,007.53",2008-07-22
"1,005.15",2008-07-21
,2008-07-20
,2008-07-19
"1,002.78",2008-07-18
998.52,2008-07-17
996.84,2008-07-16
996.24,2008-07-15
991.79,2008-07-14
,2008-07-13
,2008-07-12
992.68,2008-07-11
989.51,2008-07-10
"1,017.13",2008-07-09
"1,021.19",2008-07-08
"1,029.01",2008-07-07
,2008-07-06
,2008-07-05
"1,036.83",2008-07-04
"1,026.24",2008-07-03
"1,038.81",2008-07-02
"1,034.95",2008-07-01
"1,035.64",2008-06-30
,2008-06-29
,2008-06-28
"1,033.96",2008-06-27
"1,024.95",2008-06-26
"1,024.26",2008-06-25
"1,026.83",2008-06-24
"1,021.39",2008-06-23
,2008-06-22
,2008-06-21
"1,015.25",2008-06-20
"1,016.73",2008-06-19
"1,009.21",2008-06-18
"1,027.43",2008-06-17
"1,031.98",2008-06-16
,2008-06-15
,2008-06-14
"1,023.96",2008-06-13
"1,017.72",2008-06-12
"1,017.03",2008-06-11
"1,021.78",2008-06-10
"1,018.71",2008-06-09
,2008-06-08
,2008-06-07
,2008-06-06
"1,011.29",2008-06-05
"1,003.57",2008-06-04
"1,008.22",2008-06-03
"1,018.22",2008-06-02
,2008-06-01
,2008-05-31
"1,016.73",2008-05-30
"1,024.16",2008-05-29
"1,026.14",2008-05-28
"1,039.31",2008-05-27
"1,038.32",2008-05-26
,2008-05-25
,2008-05-24
"1,034.06",2008-05-23
"1,032.67",2008-05-22
"1,039.31",2008-05-21
"1,030.20",2008-05-20
"1,027.33",2008-05-19
,2008-05-18
,2008-05-17
"1,031.19",2008-05-16
"1,039.31",2008-05-15
"1,036.44",2008-05-14
"1,028.52",2008-05-13
,2008-05-12
,2008-05-11
,2008-05-10
"1,037.72",2008-05-09
"1,030.89",2008-05-08
"1,008.72",2008-05-07
998.42,2008-05-06
,2008-05-05
,2008-05-04
,2008-05-03
992.18,2008-05-02
,2008-05-01
992.08,2008-04-30
989.11,2008-04-29
986.14,2008-04-28
,2008-04-27
,2008-04-26
981.59,2008-04-25
980.5,2008-04-24
989.41,2008-04-23
984.06,2008-04-22
985.85,2008-04-21
,2008-04-20
,2008-04-19
988.12,2008-04-18
976.54,2008-04-17
984.56,2008-04-16
973.67,2008-04-15
967.93,2008-04-14
963.67,2008-04-11
967.63,2008-04-10
,2008-04-09
965.35,2008-04-08
965.45,2008-04-07
968.42,2008-04-04
962.28,2008-04-03
968.03,2008-04-02
976.84,2008-04-01
981.99,2008-03-31
979.81,2008-03-28
985.95,2008-03-27
969.41,2008-03-26
978.92,2008-03-25
992.28,2008-03-24
995.05,2008-03-21
"1,003.27",2008-03-20
995.75,2008-03-19
"1,017.13",2008-03-18
"1,005.75",2008-03-17
974.26,2008-03-14
970.01,2008-03-13
955.16,2008-03-12
966.84,2008-03-11
947.63,2008-03-10
948.52,2008-03-07
939.91,2008-03-06
937.24,2008-03-05
938.13,2008-03-04
935.85,2008-03-03
928.43,2008-02-29
927.34,2008-02-28
936.15,2008-02-27
937.04,2008-02-26
937.83,2008-02-25
939.22,2008-02-22
937.63,2008-02-21
935.16,2008-02-20
935.06,2008-02-19
935.75,2008-02-18
937.73,2008-02-15
934.37,2008-02-14
934.17,2008-02-13
936.15,2008-02-12
936.15,2008-02-11
,2008-02-08
,2008-02-07
,2008-02-06
932.88,2008-02-05
931.69,2008-02-04
933.28,2008-02-01
937.14,2008-01-31
934.07,2008-01-30
937.73,2008-01-29
939.12,2008-01-28
937.14,2008-01-25
940.31,2008-01-24
939.42,2008-01-23
945.75,2008-01-22
935.95,2008-01-21
940.11,2008-01-18
933.67,2008-01-17
928.82,2008-01-16
924.86,2008-01-15
927.54,2008-01-14
925.16,2008-01-11
927.34,2008-01-10
931.59,2008-01-09
931.1,2008-01-08
932.68,2008-01-07
927.83,2008-01-04
929.81,2008-01-03
923.67,2008-01-02
