,time,positive,negative
0,2019-06-08,7.549430417401292e-24,1.0
1,2019-05-15,1.199353082939527e-14,0.999999999999988
2,2019-05-14,0.02339850179851055,0.9766014982014894
3,2019-05-08,0.0,1.0
4,2019-05-07,0.0,1.0
5,2019-05-06,0.0,1.0
6,2019-04-27,2.0147120484463017e-25,1.0
7,2019-04-26,0.0,1.0
8,2019-04-24,0.0,1.0
9,2019-04-23,3.338430064076664e-13,0.9999999999996662
10,2019-04-22,2.8187273077915698e-30,1.0
11,2019-04-13,6.283781567070497e-20,1.0
12,2019-04-09,6.718950317008421e-05,0.9999328104968299
13,2019-04-08,1.748101706681168e-27,1.0
14,2019-04-05,0.9999998807907104,1.1920928955078125e-07
15,2019-04-03,4.8437688578339406e-24,1.0
16,2019-03-20,0.0,1.0
17,2019-03-16,3.240519658165297e-11,0.9999999999675948
18,2019-03-12,7.337261200431509e-30,1.0
19,2019-03-05,6.842540183844295e-18,1.0
20,2019-02-22,0.0,1.0
21,2019-02-21,2.5785222782462364e-29,1.0
22,2019-02-07,1.3544345822822773e-20,1.0
23,2019-02-03,1.1946227340686733e-10,0.9999999998805378
24,2019-02-01,0.0,1.0
25,2019-01-28,7.555551778844205e-13,0.9999999999992445
26,2019-01-25,0.0,1.0
27,2019-01-24,9.932873910170339e-28,1.0
28,2019-01-20,7.941756098037943e-18,1.0
29,2019-01-14,2.0998880701044466e-19,1.0
30,2019-01-07,9.114866770687513e-06,0.9999908851332293
31,2019-01-06,0.0,1.0
32,2019-01-03,4.562929402053772e-27,1.0
33,2018-12-31,4.2163571770774466e-32,1.0
34,2018-12-25,1.640887772880184e-11,0.9999999999835911
35,2018-12-17,0.9985820055007935,0.001417994499206543
36,2018-12-09,0.0,1.0
37,2018-12-04,1.0884300527384295e-14,0.9999999999999891
38,2018-12-03,1.0,0.0
39,2018-11-28,9.196895849050701e-12,0.9999999999908031
40,2018-11-26,0.0,1.0
41,2018-11-19,3.3334559071396264e-12,0.9999999999966666
42,2018-11-16,0.0,1.0
43,2018-11-14,0.0,1.0
44,2018-11-13,5.592696528111674e-09,0.9999999944073035
45,2018-11-12,1.0,0.0
46,2018-11-10,1.0,0.0
47,2018-11-09,0.0,1.0
48,2018-11-01,7.98030231355166e-31,1.0
49,2018-10-26,3.136630937206064e-07,0.9999996863369063
50,2018-10-25,0.0,1.0
51,2018-10-24,0.0,1.0
52,2018-10-23,0.9999998807907104,1.1920928955078125e-07
53,2018-10-19,2.0704048887978065e-24,1.0
54,2018-10-17,0.0,1.0
55,2018-10-16,1.0,0.0
56,2018-10-15,8.850355470713112e-08,0.9999999114964453
57,2018-10-13,6.738833049471203e-22,1.0
58,2018-10-12,1.8853759089425097e-14,0.9999999999999811
59,2018-10-08,1.0,0.0
60,2018-10-05,0.9999996423721313,3.5762786865234375e-07
61,2018-10-01,0.9999998807907104,1.1920928955078125e-07
62,2018-09-22,0.0,1.0
63,2018-09-18,0.0,1.0
64,2018-09-14,0.0,1.0
65,2018-08-23,0.0005843437975272536,0.9994156562024727
66,2018-08-22,2.6146872703713184e-28,1.0
67,2018-08-16,4.2157812247616455e-23,1.0
68,2018-08-09,1.8243569384052894e-21,1.0
69,2018-08-07,3.0482063139521886e-34,1.0
70,2018-07-30,1.0,0.0
71,2018-07-26,4.795751534134472e-29,1.0
72,2018-07-16,0.0,1.0
73,2018-07-23,0.0,1.0
74,2018-07-13,1.980220574618949e-23,1.0
75,2018-07-06,5.601299348087723e-32,1.0
76,2018-07-05,1.0,0.0
77,2018-07-01,0.0,1.0
78,2018-06-29,2.9740843388026406e-07,0.9999997025915661
79,2018-06-28,0.0,1.0
80,2018-06-27,0.0,1.0
81,2018-06-20,1.0353071289159743e-08,0.9999999896469287
82,2018-06-04,1.917870973144886e-09,0.999999998082129
83,2018-06-02,7.015661737468368e-26,1.0
84,2018-05-30,3.5350586346057783e-22,1.0
85,2018-05-29,1.0,0.0
86,2018-05-22,0.9999535083770752,4.649162292480469e-05
87,2018-05-21,1.9854239201915006e-16,0.9999999999999998
88,2018-05-16,9.040757855171002e-17,0.9999999999999999
89,2018-05-15,2.619303971032237e-17,1.0
90,2018-05-14,0.0,1.0
91,2018-05-12,0.0,1.0
92,2018-05-11,1.0548444572112012e-17,1.0
93,2018-05-09,0.0,1.0
94,2018-05-03,0.0,1.0
95,2018-04-21,0.0,1.0
96,2018-04-19,7.01423016891134e-11,0.9999999999298577
97,2018-04-18,0.0,1.0
98,2018-04-16,0.0,1.0
99,2018-04-04,1.0,0.0
100,2018-03-31,9.642212923497503e-24,1.0
101,2018-04-03,7.241234695198884e-11,0.9999999999275877
102,2018-03-26,0.15268298983573914,0.8473170101642609
103,2018-03-21,4.452801110166902e-24,1.0
104,2018-02-27,7.888103413315112e-33,1.0
105,2018-02-14,1.4560815086331197e-20,1.0
106,2018-02-12,1.06633500507991e-16,0.9999999999999999
107,2018-02-09,0.0,1.0
108,2018-02-06,0.0,1.0
109,2018-02-03,0.0,1.0
110,2018-02-02,4.220291521050967e-05,0.9999577970847895
111,2018-01-25,3.7024841526012153e-11,0.9999999999629752
112,2018-01-20,0.0,1.0
113,2018-01-18,3.572343700852798e-07,0.9999996427656299
114,2018-01-13,0.0,1.0
115,2018-01-17,8.72672489826698e-10,0.9999999991273275
116,2018-01-10,0.0,1.0
117,2018-01-08,0.0,1.0
118,2018-01-06,1.1176623727258257e-17,1.0
119,2017-12-30,1.4592606529643773e-37,1.0
120,2017-12-29,1.8761558279178914e-11,0.9999999999812385
121,2017-12-27,0.0,1.0
122,2017-12-21,0.0,1.0
123,2017-12-20,0.0,1.0
124,2018-01-16,0.0,1.0
125,2017-12-15,2.445042543721664e-29,1.0
126,2017-12-13,4.5343507939531033e-20,1.0
127,2017-12-05,0.20646663010120392,0.7935333698987961
128,2017-12-02,0.0,1.0
129,2017-11-27,0.0,1.0
130,2017-11-25,0.0,1.0
131,2017-11-24,0.0,1.0
132,2017-11-20,6.294572809579812e-29,1.0
133,2017-11-14,0.0004131214809603989,0.9995868785190396
134,2017-11-13,1.0,0.0
135,2017-11-08,1.0,0.0
136,2017-11-07,0.9996010661125183,0.00039893388748168945
137,2017-11-06,0.0005497222882695496,0.9994502777117305
138,2017-11-04,0.0,1.0
139,2017-11-03,0.0,1.0
140,2017-11-02,0.07836366444826126,0.9216363355517387
141,2017-11-01,0.0,1.0
142,2017-10-31,1.0,0.0
143,2017-10-30,0.0,1.0
144,2017-10-28,0.0,1.0
145,2017-10-24,2.4467341930289876e-08,0.9999999755326581
146,2017-10-20,0.9936760067939758,0.00632399320602417
147,2017-10-19,6.267802405291855e-16,0.9999999999999993
148,2017-10-16,0.0,1.0
149,2017-10-14,1.0,0.0
150,2017-10-09,6.282494241392818e-18,1.0
151,2017-10-02,1.0,0.0
152,2017-09-30,4.730904253416601e-13,0.9999999999995269
153,2017-09-29,0.0,1.0
154,2017-08-21,0.0,1.0
155,2017-08-19,0.0,1.0
156,2017-08-02,0.0,1.0
157,2017-07-13,3.5970854265197676e-24,1.0
158,2017-07-04,0.0,1.0
159,2017-06-29,1.3519376140841475e-33,1.0
160,2017-06-27,6.8765433008984935e-37,1.0
161,2017-06-16,4.9395360471044546e-29,1.0
162,2017-06-06,9.522856417832015e-18,1.0
163,2017-05-27,1.0,0.0
164,2017-05-24,1.068722610408912e-10,0.9999999998931277
165,2017-05-22,2.7625445429280798e-21,1.0
166,2017-05-15,1.0,0.0
167,2017-05-11,0.0,1.0
168,2017-05-10,1.0,0.0
169,2017-05-09,0.0,1.0
170,2017-05-05,3.137319416401148e-28,1.0
171,2017-05-03,2.269801531266103e-34,1.0
172,2017-04-27,3.945073231309028e-14,0.9999999999999606
173,2017-04-25,1.5927502508084404e-14,0.9999999999999841
174,2017-04-20,3.0072447984571733e-38,1.0
175,2017-04-08,0.04053598269820213,0.9594640173017979
176,2017-04-07,0.0,1.0
177,2017-04-05,5.2144559225391507e-17,1.0
178,2017-04-26,2.0578785413423673e-38,1.0
179,2017-03-22,0.0,1.0
180,2017-03-21,0.0,1.0
181,2017-03-14,3.151039530357056e-21,1.0
182,2017-03-07,0.0,1.0
183,2017-03-04,0.0,1.0
184,2017-03-01,0.0,1.0
185,2017-02-21,3.1154423004419493e-31,1.0
186,2017-02-16,0.00015374054783023894,0.9998462594521698
187,2017-02-13,0.0,1.0
188,2017-02-11,0.0,1.0
189,2017-02-10,1.0008286044369941e-29,1.0
190,2017-02-08,3.9085051639631274e-08,0.9999999609149484
191,2017-02-04,0.0,1.0
192,2017-02-03,0.0,1.0
193,2017-02-02,0.0,1.0
194,2017-01-27,8.29835657654987e-13,0.9999999999991702
195,2017-01-25,4.862466418223951e-17,1.0
196,2017-01-21,1.0507404667764683e-16,0.9999999999999999
197,2017-01-20,0.0,1.0
198,2017-01-18,6.883503769868335e-28,1.0
199,2017-01-11,4.201951378490776e-05,0.9999579804862151
200,2017-01-13,1.0923035902073621e-27,1.0
201,2017-01-10,2.8580144017781533e-26,1.0
202,2017-01-06,1.971056190440498e-38,1.0
203,2017-01-05,1.167175906826424e-37,1.0
204,2017-01-03,1.9336059267516248e-05,0.9999806639407325
205,2017-01-01,0.0,1.0
206,2016-12-31,1.7321991822687177e-13,0.9999999999998268
207,2016-12-28,3.3399964948115156e-17,1.0
208,2016-12-26,3.301209267969965e-14,0.999999999999967
209,2016-12-25,4.644998625735752e-05,0.9999535500137426
210,2016-12-24,0.9971342086791992,0.0028657913208007812
211,2016-12-15,0.9966983199119568,0.003301680088043213
212,2016-12-14,1.0,0.0
213,2016-12-12,8.38112696281387e-26,1.0
214,2016-12-07,1.0,0.0
215,2016-12-05,1.1884036727950335e-38,1.0
216,2016-12-02,0.0,1.0
217,2016-12-01,3.347443271195516e-05,0.999966525567288
218,2016-11-29,0.0,1.0
219,2016-11-23,1.0,0.0
220,2016-11-10,0.0,1.0
221,2016-11-02,0.0,1.0
222,2016-10-28,2.8024766815468523e-35,1.0
223,2016-10-27,0.0,1.0
224,2016-10-26,0.0,1.0
225,2016-10-21,0.025128137320280075,0.9748718626797199
226,2016-10-19,6.965892645476791e-28,1.0
227,2016-10-18,1.0,0.0
228,2016-10-12,0.0,1.0
229,2016-10-11,5.483211386499179e-37,1.0
230,2016-10-10,1.778703511093394e-17,1.0
231,2016-10-07,1.688872042357472e-27,1.0
232,2016-10-01,1.2112371298900502e-16,0.9999999999999999
233,2016-09-30,6.868533015668828e-26,1.0
234,2016-09-28,0.0,1.0
235,2016-09-26,1.0,0.0
236,2016-09-23,0.9999955892562866,4.410743713378906e-06
237,2016-09-21,1.0661883091103057e-24,1.0
238,2016-09-22,1.3895863490908864e-15,0.9999999999999986
239,2016-09-20,6.102905941024472e-12,0.9999999999938971
240,2016-09-10,6.88556893793657e-12,0.9999999999931144
241,2016-09-02,7.044151937593122e-38,1.0
242,2016-09-01,9.94951415411085e-37,1.0
243,2016-08-31,1.0,0.0
244,2016-08-30,9.11022758169473e-35,1.0
245,2016-08-26,0.0,1.0
246,2016-08-25,1.5624724440099487e-16,0.9999999999999999
247,2016-08-24,0.0,1.0
248,2016-08-23,0.0,1.0
249,2016-08-22,2.4555576429653167e-22,1.0
250,2016-08-19,0.0,1.0
251,2016-08-17,1.809601538773378e-20,1.0
252,2016-08-13,0.0,1.0
253,2016-08-11,0.0,1.0
254,2016-08-10,1.134022194095393e-37,1.0
255,2016-08-04,0.0,1.0
256,2016-08-03,4.989833254869525e-38,1.0
257,2016-08-02,3.824213549739338e-18,1.0
258,2016-07-27,1.0,0.0
259,2016-07-26,8.290598556508417e-33,1.0
260,2016-07-23,0.0,1.0
261,2016-07-22,3.4518537974718474e-36,1.0
262,2016-07-20,0.0,1.0
263,2016-07-19,4.8772071763142505e-28,1.0
264,2016-07-14,6.248890294102694e-10,0.999999999375111
265,2016-07-13,1.9430310619330804e-38,1.0
266,2016-07-12,0.0,1.0
267,2016-07-11,0.9997192025184631,0.00028079748153686523
268,2016-07-02,5.9773987592762405e-25,1.0
269,2016-07-01,0.0,1.0
270,2016-06-28,8.325585608408071e-26,1.0
271,2016-06-27,0.0,1.0
272,2016-06-25,0.0,1.0
273,2016-06-24,1.0,0.0
274,2016-06-23,0.0,1.0
275,2016-06-21,0.0,1.0
276,2016-06-20,0.0,1.0
277,2016-06-09,0.0,1.0
278,2016-06-17,2.305377570344577e-20,1.0
279,2016-06-08,0.0,1.0
280,2016-06-18,0.0,1.0
281,2016-06-13,1.0,0.0
282,2016-06-07,0.0,1.0
283,2016-06-06,2.1246932929004532e-38,1.0
284,2016-06-03,0.0,1.0
285,2016-06-02,0.0,1.0
286,2016-06-01,0.0,1.0
287,2016-05-28,0.0,1.0
288,2016-05-27,0.0,1.0
289,2016-05-26,8.104376351150292e-36,1.0
290,2016-05-23,2.5204845961692846e-20,1.0
291,2016-05-18,1.1468485262378336e-27,1.0
292,2016-05-17,4.216214707162127e-31,1.0
293,2016-05-14,4.14353805303632e-24,1.0
294,2016-05-12,0.0,1.0
295,2016-05-11,2.029370027668083e-15,0.999999999999998
296,2016-05-04,0.0,1.0
297,2016-05-02,1.4008936706769082e-34,1.0
298,2016-04-30,0.0,1.0
299,2016-04-29,0.9999676942825317,3.230571746826172e-05
300,2016-04-25,1.1000434243859765e-20,1.0
301,2016-04-22,0.0,1.0
302,2016-04-19,0.0,1.0
303,2016-04-27,1.0629136681927775e-08,0.9999999893708633
304,2016-05-06,0.0014056192012503743,0.9985943807987496
305,2016-04-18,2.921405955688683e-12,0.9999999999970786
306,2016-04-13,1.0,0.0
307,2016-04-12,9.07205750310668e-32,1.0
308,2016-04-09,7.560547686227152e-26,1.0
309,2016-04-08,4.604024423743598e-17,1.0
310,2016-04-06,1.2214763837485937e-33,1.0
311,2016-04-05,1.0,0.0
312,2016-04-04,1.0,0.0
313,2016-03-24,0.0,1.0
314,2016-03-23,5.453011631649518e-13,0.9999999999994547
315,2016-03-21,0.0,1.0
316,2016-03-19,4.872878210686883e-34,1.0
317,2016-03-18,0.0,1.0
318,2016-03-15,1.8536001826103139e-16,0.9999999999999998
319,2016-03-14,6.289785705591498e-25,1.0
320,2016-03-11,0.0,1.0
321,2016-03-10,0.0,1.0
322,2016-03-09,0.0,1.0
323,2016-03-08,4.170705381056905e-07,0.9999995829294619
324,2016-03-07,1.0,0.0
325,2016-03-04,0.0,1.0
326,2016-03-03,1.0,0.0
327,2016-02-29,4.1649738084054317e-19,1.0
328,2016-02-26,1.86109113553155e-14,0.9999999999999813
329,2016-02-25,4.1951014013553534e-16,0.9999999999999996
330,2016-02-24,1.0695775376490246e-09,0.9999999989304225
331,2016-02-23,0.0,1.0
332,2016-02-20,0.0,1.0
333,2016-02-19,0.0,1.0
334,2016-02-18,1.0,0.0
335,2016-02-17,0.0009497911669313908,0.9990502088330686
336,2016-02-16,0.0,1.0
337,2016-02-13,4.1408096705186984e-14,0.9999999999999586
338,2016-02-12,1.358689463021312e-11,0.9999999999864131
339,2016-02-11,0.0,1.0
340,2016-02-10,0.0,1.0
341,2016-02-04,0.0,1.0
342,2016-02-03,0.0020340513437986374,0.9979659486562014
343,2016-02-02,0.0,1.0
344,2016-02-01,0.0,1.0
345,2016-01-31,9.036964882504406e-32,1.0
346,2016-01-30,4.3349282515313304e-23,1.0
347,2016-01-29,0.0,1.0
348,2016-01-28,4.174749730163021e-37,1.0
349,2016-01-27,5.837858972021169e-34,1.0
350,2016-01-26,4.7495803729833263e-29,1.0
351,2016-01-25,0.0,1.0
352,2016-01-22,1.0,0.0
353,2016-01-21,4.2270218614248734e-07,0.9999995772978139
354,2016-01-20,7.259832637118692e-23,1.0
355,2016-01-19,2.0869475157741678e-15,0.9999999999999979
356,2016-01-18,0.0,1.0
357,2016-01-17,4.711609368413533e-38,1.0
358,2016-01-16,4.976498146902486e-08,0.9999999502350185
359,2016-01-15,0.0,1.0
360,2016-01-14,1.0830800228142e-27,1.0
361,2016-01-13,8.920816862989511e-10,0.9999999991079183
362,2016-01-12,0.0,1.0
363,2016-01-11,0.0,1.0
364,2016-01-08,1.0902834612238356e-29,1.0
365,2016-01-09,4.595248451034717e-18,1.0
366,2016-01-06,4.744040715820574e-10,0.9999999995255959
367,2016-01-05,2.3675348425533494e-18,1.0
368,2016-01-04,0.0,1.0
369,2016-01-01,0.0,1.0
370,2015-12-31,0.0,1.0
371,2015-12-30,2.8956858070215696e-13,0.9999999999997105
372,2015-12-28,4.836746829399294e-19,1.0
373,2015-12-29,1.6583063596400504e-18,1.0
374,2015-12-26,0.0,1.0
375,2015-12-23,0.0,1.0
376,2015-12-22,0.0,1.0
377,2015-12-21,0.0,1.0
378,2015-12-19,0.2508567273616791,0.7491432726383209
379,2015-12-18,0.9998063445091248,0.00019365549087524414
380,2015-12-17,2.9445892419920887e-34,1.0
381,2015-12-16,0.0,1.0
382,2015-12-10,0.0,1.0
383,2015-12-09,0.0,1.0
384,2015-12-08,0.0,1.0
385,2015-12-07,0.0,1.0
386,2015-12-03,0.0,1.0
387,2015-12-02,0.0,1.0
388,2015-11-02,1.0,0.0
389,2015-11-21,0.0,1.0
390,2015-10-29,0.0,1.0
391,2015-10-28,0.0,1.0
392,2015-10-22,7.689728392899572e-17,0.9999999999999999
393,2015-10-14,0.0,1.0
394,2015-10-13,1.0892619271840598e-12,0.9999999999989108
395,2015-09-04,1.0,0.0
396,2015-09-03,5.125207644895123e-14,0.9999999999999487
397,2015-10-02,0.0,1.0
398,2015-09-01,1.0,0.0
399,2015-08-24,0.9937328696250916,0.006267130374908447
400,2015-08-25,0.0,1.0
401,2015-08-20,0.0,1.0
402,2015-08-27,7.441043441136497e-12,0.999999999992559
403,2015-08-26,0.006220016162842512,0.9937799838371575
404,2015-08-17,0.000326047302223742,0.9996739526977763
405,2015-08-13,0.0,1.0
406,2015-07-30,0.0,1.0
407,2015-07-28,0.9987356066703796,0.0012643933296203613
408,2015-07-27,5.73473473569619e-12,0.9999999999942653
409,2015-07-17,0.0,1.0
410,2015-07-22,0.0,1.0
411,2015-07-15,0.0,1.0
412,2015-07-03,1.0,0.0
413,2015-07-01,0.0,1.0
414,2015-06-30,0.0,1.0
415,2015-06-24,6.029819515579307e-18,1.0
416,2015-06-17,5.259641338709259e-26,1.0
417,2015-06-16,1.0,0.0
418,2015-06-15,0.0,1.0
419,2015-06-10,0.0,1.0
420,2015-06-04,3.213060004987088e-17,1.0
421,2015-06-03,6.595467661602017e-12,0.9999999999934045
422,2015-06-02,1.0,0.0
423,2015-05-22,3.3343113552034736e-29,1.0
424,2015-05-21,6.178488276553651e-11,0.9999999999382151
425,2015-05-20,0.0,1.0
426,2015-05-19,1.2321979374341208e-11,0.999999999987678
427,2015-05-13,0.0,1.0
428,2015-05-11,7.815434063807025e-12,0.9999999999921846
429,2015-05-08,0.0,1.0
430,2015-04-30,0.0,1.0
431,2015-04-15,0.00344029045663774,0.9965597095433623
432,2015-04-10,0.0,1.0
433,2015-04-09,0.0,1.0
434,2015-04-08,1.3603290012954145e-25,1.0
435,2015-04-07,1.9712599608201486e-11,0.9999999999802874
436,2015-04-06,0.0,1.0
437,2015-04-02,3.342848105583122e-34,1.0
438,2015-04-01,0.0,1.0
439,2015-03-30,7.785517369685024e-11,0.9999999999221448
440,2015-03-24,0.994322657585144,0.005677342414855957
441,2015-03-21,1.0,0.0
442,2015-03-20,0.0,1.0
443,2015-03-18,0.0,1.0
444,2015-03-14,0.0,1.0
445,2015-03-13,0.0012256648624315858,0.9987743351375684
446,2015-03-11,0.0,1.0
447,2015-03-04,0.0,1.0
448,2015-03-03,5.102107472544524e-23,1.0
449,2015-03-02,0.0,1.0
450,2015-02-27,2.9356704586226727e-28,1.0
451,2015-02-26,1.0,0.0
452,2015-02-16,0.018315786495804787,0.9816842135041952
453,2015-02-15,1.9441501222541667e-16,0.9999999999999998
454,2015-02-10,1.1430458578253952e-32,1.0
455,2015-02-09,0.0,1.0
456,2015-02-06,0.0,1.0
457,2015-02-03,0.0,1.0
458,2015-01-31,0.0,1.0
459,2015-01-28,0.0,1.0
460,2015-01-16,0.0,1.0
461,2015-01-15,4.0435385441202376e-25,1.0
462,2015-01-12,3.0419827429622406e-25,1.0
463,2015-01-10,3.583031257766333e-18,1.0
464,2015-01-09,5.737225678379131e-36,1.0
465,2015-01-08,4.7902881383102273e-35,1.0
466,2015-01-07,0.0,1.0
467,2015-01-06,1.820990272305148e-30,1.0
468,2015-01-02,0.0,1.0
469,2015-01-01,0.0,1.0
470,2014-12-31,0.0,1.0
471,2014-12-26,9.044613054492897e-19,1.0
472,2014-12-25,5.888155943488016e-20,1.0
473,2014-12-24,0.011358650401234627,0.9886413495987654
474,2014-12-23,0.0,1.0
475,2014-12-22,0.029837679117918015,0.970162320882082
476,2014-12-20,1.291156959126738e-08,0.9999999870884304
477,2014-12-19,4.814361583005411e-12,0.9999999999951856
478,2014-12-18,1.1810640216936008e-06,0.9999988189359783
479,2014-12-17,9.911905181070324e-07,0.9999990088094819
480,2014-12-13,0.9998642206192017,0.00013577938079833984
481,2014-12-12,1.0,0.0
482,2014-12-11,0.0012050247751176357,0.9987949752248824
483,2014-12-06,6.662120632938695e-09,0.9999999933378794
484,2014-12-04,1.0000153483069596e-11,0.9999999999899999
485,2014-12-03,0.0,1.0
486,2014-12-01,0.0,1.0
487,2014-11-29,7.231067512096518e-21,1.0
488,2014-11-24,0.12784738838672638,0.8721526116132736
489,2014-11-14,4.516849099757553e-18,1.0
490,2014-11-05,0.8849740624427795,0.11502593755722046
491,2014-11-04,3.511478601762585e-33,1.0
492,2014-11-19,4.470809856431583e-31,1.0
493,2014-10-25,0.9999998807907104,1.1920928955078125e-07
494,2014-10-20,2.2394999875414006e-28,1.0
495,2014-10-02,6.203885376436472e-31,1.0
496,2014-10-01,1.6319694876491382e-31,1.0
497,2014-09-30,4.268005099059564e-20,1.0
498,2014-09-03,3.1917423158806934e-25,1.0
499,2014-07-19,0.003988780081272125,0.9960112199187279
500,2014-07-18,5.174446786451029e-33,1.0
501,2014-07-08,0.0,1.0
502,2014-06-16,0.9999996423721313,3.5762786865234375e-07
503,2014-03-22,5.12005515522294e-19,1.0
504,2014-03-20,0.0,1.0
505,2014-03-15,0.0,1.0
506,2014-02-17,0.0,1.0
507,2013-12-02,3.5300548063076195e-17,1.0
508,2013-11-18,0.5893216133117676,0.4106783866882324
509,2013-11-04,1.0,0.0
510,2013-09-06,0.0,1.0
511,2013-08-28,4.635922054501411e-25,1.0
512,2013-08-02,4.6554315091339e-26,1.0
513,2013-10-11,5.0033525885272234e-21,1.0
514,2013-07-12,3.3762403608923805e-22,1.0
515,2013-07-05,9.003686490495834e-33,1.0
516,2013-06-04,5.929639917100216e-13,0.999999999999407
517,2013-07-02,0.0,1.0
518,2013-05-14,0.0,1.0
519,2013-05-13,3.7927156587031085e-26,1.0
520,2013-05-11,1.0,0.0
521,2013-05-09,5.93971991639991e-30,1.0
522,2013-04-24,1.3056220081006696e-19,1.0
523,2013-04-22,1.6561885210200763e-33,1.0
524,2013-04-16,2.8891561885674233e-34,1.0
525,2013-02-28,1.0,0.0
526,2013-02-20,5.45987356354653e-23,1.0
527,2013-02-08,3.6237943746079265e-37,1.0
528,2013-01-05,0.9997254014015198,0.0002745985984802246
529,2012-11-20,1.0,0.0
530,2012-11-16,3.2267205369862495e-06,0.999996773279463
531,2012-09-15,0.0,1.0
532,2012-08-18,2.597115178187684e-33,1.0
533,2012-08-15,0.0,1.0
534,2012-08-10,0.0,1.0
535,2012-08-02,2.5302563158353896e-25,1.0
536,2012-07-26,7.940772864753846e-29,1.0
537,2012-07-14,4.1257925431636977e-07,0.9999995874207457
538,2012-07-13,7.644453158379849e-17,0.9999999999999999
539,2012-07-19,1.0,0.0
540,2012-06-27,1.4340478485733436e-21,1.0
541,2012-06-26,4.746760276508333e-12,0.9999999999952532
542,2012-06-12,0.0,1.0
543,2012-06-05,0.0,1.0
544,2012-06-02,0.0,1.0
545,2012-05-17,0.0,1.0
546,2012-05-15,0.0,1.0
547,2012-05-09,0.0,1.0
548,2012-04-28,8.712484639876605e-37,1.0
549,2012-04-23,0.0,1.0
550,2012-06-28,1.0,0.0
551,2012-04-19,0.00035347024095244706,0.9996465297590476
552,2012-04-20,0.0,1.0
553,2012-04-17,4.279516868246888e-19,1.0
554,2012-04-14,0.0,1.0
555,2012-04-10,1.0,0.0
556,2012-04-09,1.350785723512953e-29,1.0
557,2012-04-03,2.549315831856802e-05,0.9999745068416814
558,2012-03-31,1.0,0.0
559,2012-03-29,0.0,1.0
560,2012-03-28,3.756956195297468e-21,1.0
561,2012-03-26,0.9988101720809937,0.0011898279190063477
562,2012-03-20,2.9223579031422633e-24,1.0
563,2012-03-19,3.5942962195398464e-34,1.0
564,2012-03-17,1.0,0.0
565,2012-03-15,0.0,1.0
566,2012-03-14,0.9999996423721313,3.5762786865234375e-07
567,2012-03-10,0.9999982118606567,1.7881393432617188e-06
568,2012-03-09,0.0,1.0
569,2012-03-07,1.363933426835999e-20,1.0
570,2012-03-06,1.0,0.0
571,2012-03-03,2.542538582334689e-22,1.0
572,2012-03-02,1.0,0.0
573,2012-03-01,3.5925333747429564e-31,1.0
574,2012-02-29,0.9999980926513672,1.9073486328125e-06
575,2012-02-28,7.528571119276423e-34,1.0
576,2012-02-27,2.5682684161628178e-18,1.0
577,2012-02-24,6.678826321149245e-05,0.9999332117367885
578,2012-02-21,0.9999955892562866,4.410743713378906e-06
579,2012-02-18,6.937784163567306e-20,1.0
580,2012-02-17,0.009958608075976372,0.9900413919240236
581,2012-02-16,0.15803882479667664,0.8419611752033234
582,2012-02-13,1.0,0.0
583,2012-02-10,0.9540404677391052,0.045959532260894775
584,2012-02-08,1.0,0.0
585,2012-02-02,3.975793305688313e-11,0.999999999960242
586,2012-01-31,3.7664251010021145e-22,1.0
587,2012-01-30,1.0,0.0
588,2012-01-27,0.9999998807907104,1.1920928955078125e-07
589,2012-01-18,0.989861011505127,0.010138988494873047
590,2012-01-25,0.9981194138526917,0.0018805861473083496
591,2012-01-16,1.0,0.0
592,2012-01-14,2.1086064245137848e-18,1.0
593,2012-01-11,1.0,0.0
594,2012-01-12,0.0,1.0
595,2012-01-07,1.0,0.0
596,2012-01-06,0.0,1.0
597,2012-01-05,0.0,1.0
598,2011-12-30,0.017263030633330345,0.9827369693666697
599,2011-12-29,1.137252847449588e-09,0.9999999988627472
600,2011-12-12,1.0,0.0
601,2011-11-23,7.12985107913234e-23,1.0
602,2011-11-17,2.2338055506020625e-31,1.0
603,2011-11-10,0.0,1.0
604,2011-11-08,1.2259123837593533e-12,0.9999999999987741
605,2011-11-03,5.399755977725737e-26,1.0
606,2011-10-27,0.9148424863815308,0.08515751361846924
607,2011-10-19,1.4119382433047425e-37,1.0
608,2011-10-14,0.999895453453064,0.00010454654693603516
609,2011-10-12,1.0,0.0
610,2011-09-29,1.0,0.0
611,2011-09-22,1.0,0.0
612,2011-09-10,0.0,1.0
613,2011-09-15,0.9993162155151367,0.0006837844848632812
614,2011-09-07,0.00032549913157708943,0.9996745008684229
615,2011-08-23,0.9999996423721313,3.5762786865234375e-07
616,2011-08-18,4.05690371962919e-07,0.999999594309628
617,2011-08-09,0.0,1.0
618,2011-08-24,1.0,0.0
619,2011-10-07,2.49379353972623e-11,0.9999999999750621
620,2011-08-03,1.0,0.0
621,2011-07-29,1.0,0.0
622,2011-07-21,1.0,0.0
623,2011-07-18,4.24146235098728e-30,1.0
624,2011-07-28,1.0,0.0
625,2011-07-16,0.9999966621398926,3.337860107421875e-06
626,2011-07-14,1.0,0.0
627,2011-07-08,1.0887660014604269e-30,1.0
628,2011-07-09,4.209420694499012e-14,0.9999999999999579
629,2011-07-12,1.718176047880438e-38,1.0
630,2011-07-06,1.0,0.0
631,2011-06-29,1.0,0.0
632,2011-06-25,0.0,1.0
633,2011-06-24,0.9942530989646912,0.005746901035308838
634,2011-06-23,1.0,0.0
635,2011-06-21,1.0,0.0
636,2011-06-10,0.0,1.0
637,2011-06-04,1.0,0.0
638,2011-06-06,0.0,1.0
639,2011-06-18,2.465568982050168e-25,1.0
640,2011-06-02,3.8190568892570705e-16,0.9999999999999997
641,2011-05-25,1.0,0.0
642,2011-05-24,1.0,0.0
643,2011-05-23,1.0,0.0
644,2011-05-19,1.0,0.0
645,2011-05-17,3.584074282295569e-31,1.0
646,2011-05-16,1.0,0.0
647,2011-05-12,4.8259755018003244e-37,1.0
648,2011-05-09,7.43477241577084e-12,0.9999999999925653
649,2011-05-07,0.0,1.0
650,2011-05-06,0.0,1.0
651,2011-05-03,7.2129013872768155e-09,0.9999999927870986
652,2011-04-30,1.0,0.0
653,2011-04-23,2.818367826925409e-33,1.0
654,2011-04-22,1.0,0.0
655,2011-04-19,0.9917205572128296,0.00827944278717041
656,2011-04-16,8.554310348606212e-29,1.0
657,2011-04-15,1.0,0.0
658,2011-04-14,5.6412754276138986e-15,0.9999999999999943
659,2011-04-09,0.0,1.0
660,2011-04-11,0.0,1.0
661,2011-04-07,1.0,0.0
662,2011-04-02,1.1624418873660428e-25,1.0
663,2011-04-01,0.0,1.0
664,2011-03-30,1.427803153486451e-10,0.9999999998572197
665,2011-03-29,1.0,0.0
666,2011-03-28,5.233931777565148e-15,0.9999999999999948
667,2011-03-25,1.0,0.0
668,2011-03-20,1.0,0.0
669,2011-03-18,0.0,1.0
670,2011-03-15,5.674297826080614e-37,1.0
671,2011-03-14,0.0,1.0
672,2011-03-12,6.243390450183427e-31,1.0
673,2011-03-11,3.324923437636007e-15,0.9999999999999967
674,2011-03-10,0.9336662292480469,0.06633377075195312
675,2011-03-09,3.7841691585827064e-14,0.9999999999999621
676,2011-03-08,1.5925271084488157e-12,0.9999999999984075
677,2011-03-06,3.48621795109244e-30,1.0
678,2011-03-05,1.0,0.0
679,2011-03-04,0.10985060781240463,0.8901493921875954
680,2011-03-03,0.0,1.0
681,2011-03-02,1.5580932741166258e-29,1.0
682,2011-03-01,4.259026128734106e-13,0.9999999999995741
683,2011-02-28,0.0038463110104203224,0.9961536889895797
684,2011-02-26,0.9933022260665894,0.0066977739334106445
685,2011-02-25,1.4122014375867405e-23,1.0
686,2011-02-24,0.9769797325134277,0.023020267486572266
687,2011-02-23,3.853256203001365e-08,0.999999961467438
688,2011-02-19,0.988824188709259,0.011175811290740967
689,2011-02-17,3.967663657079495e-38,1.0
690,2011-02-16,1.5237529798041785e-16,0.9999999999999999
691,2011-02-15,4.2174283577840704e-35,1.0
692,2011-02-14,8.683096481962981e-20,1.0
693,2011-02-12,1.0,0.0
694,2011-02-10,2.408128316875189e-36,1.0
695,2011-02-08,0.9999998807907104,1.1920928955078125e-07
696,2011-02-02,0.0,1.0
697,2011-02-01,0.0,1.0
698,2011-01-31,1.462623640691163e-05,0.9999853737635931
699,2011-01-29,3.9617614675080404e-05,0.9999603823853249
700,2011-01-26,0.0,1.0
701,2011-01-17,0.9860331416130066,0.013966858386993408
702,2011-01-20,2.329720231638189e-24,1.0
703,2011-01-15,0.9433332681655884,0.05666673183441162
704,2011-01-14,0.0038532051257789135,0.9961467948742211
705,2011-01-13,1.0,0.0
706,2011-01-10,0.9998065829277039,0.00019341707229614258
707,2011-01-05,1.8719412756053814e-30,1.0
708,2011-01-04,0.0006736464565619826,0.999326353543438
709,2010-12-31,1.0,0.0
710,2010-12-25,1.4933354661443594e-23,1.0
711,2010-12-18,3.6230635021704856e-36,1.0
712,2011-01-03,0.1113409623503685,0.8886590376496315
713,2010-12-16,4.544309631710303e-34,1.0
714,2010-12-13,3.716343019580382e-38,1.0
715,2010-11-23,4.516872119386672e-12,0.9999999999954832
716,2010-11-22,2.575999555575157e-26,1.0
717,2010-11-10,0.01671239733695984,0.9832876026630402
718,2010-11-06,0.00013121946540195495,0.999868780534598
719,2010-11-02,1.0,0.0
720,2010-10-08,1.0,0.0
721,2010-10-02,0.00025387280038557947,0.9997461271996144
722,2010-09-27,3.007497491275278e-23,1.0
723,2010-08-25,3.990263576270081e-05,0.9999600973642373
724,2010-08-12,5.178957221705976e-15,0.9999999999999948
725,2010-08-23,1.3882082529554832e-16,0.9999999999999999
726,2010-08-07,0.0,1.0
727,2010-07-08,1.0,0.0
728,2010-07-05,1.0,0.0
729,2010-06-24,0.9997941851615906,0.00020581483840942383
730,2010-06-02,1.0,0.0
731,2010-05-17,4.860877594260283e-22,1.0
732,2010-05-15,6.041002764816477e-20,1.0
733,2010-05-03,2.6055867699016026e-28,1.0
734,2010-04-28,1.0,0.0
735,2010-04-15,3.164397255267178e-22,1.0
736,2010-04-16,1.0,0.0
737,2010-04-10,0.0,1.0
738,2010-03-08,1.9254754865501187e-25,1.0
739,2010-02-04,1.0,0.0
740,2010-02-02,1.0466039496696757e-24,1.0
741,2010-02-10,5.632066326592672e-17,0.9999999999999999
742,2010-02-01,2.5737097404270773e-27,1.0
743,2010-01-30,1.0,0.0
744,2010-01-28,0.0,1.0
745,2010-01-25,1.0,0.0
746,2010-01-15,0.0,1.0
747,2010-01-11,0.0,1.0
748,2010-01-08,1.0,0.0
749,2009-12-30,0.0,1.0
750,2009-12-21,3.652210533538546e-25,1.0
751,2009-12-10,1.843909166164214e-17,1.0
752,2009-12-03,1.8771141684588303e-27,1.0
753,2009-12-02,0.0,1.0
754,2009-11-26,1.0,0.0
755,2009-11-16,1.0,0.0
756,2009-11-13,1.3130650586390402e-05,0.9999868693494136
757,2009-11-12,7.107805826116892e-14,0.999999999999929
758,2009-11-11,0.0,1.0
759,2009-11-06,6.774970825063065e-05,0.9999322502917494
760,2009-11-04,1.0,0.0
761,2009-10-31,7.286151230800897e-06,0.9999927138487692
762,2009-10-29,1.4302943551758318e-10,0.9999999998569705
763,2009-10-27,5.059263454807916e-20,1.0
764,2009-10-22,1.0,0.0
765,2009-10-21,1.0,0.0
766,2009-10-20,7.400655088751762e-10,0.9999999992599344
767,2009-09-25,3.315875249254976e-25,1.0
768,2009-09-23,0.2856949269771576,0.7143050730228424
769,2009-09-21,5.65323375405994e-14,0.9999999999999435
770,2009-09-17,0.9999858140945435,1.4185905456542969e-05
771,2009-09-15,1.0,0.0
772,2009-09-12,1.5592995644686525e-15,0.9999999999999984
773,2009-09-04,1.0,0.0
774,2009-08-29,2.2282574718701653e-05,0.9999777174252813
775,2009-08-28,1.0,0.0
776,2009-08-19,0.0,1.0
777,2009-08-17,3.2443275989334514e-27,1.0
778,2009-08-14,1.0,0.0
779,2009-08-08,1.0,0.0
780,2009-08-04,0.000791621336247772,0.9992083786637522
781,2009-07-29,1.0868819191149289e-30,1.0
782,2009-07-25,1.4693550917458249e-21,1.0
783,2009-07-13,1.0,0.0
784,2009-07-11,2.7966183161677165e-32,1.0
785,2009-07-10,0.0,1.0
786,2009-06-27,9.39482415560633e-05,0.9999060517584439
787,2009-06-13,0.0,1.0
788,2009-06-12,0.0,1.0
789,2009-06-09,2.0520959298553423e-28,1.0
790,2009-06-06,1.0,0.0
791,2009-06-01,1.0,0.0
792,2009-05-14,1.0,0.0
793,2009-05-29,0.7716737985610962,0.2283262014389038
794,2009-04-30,5.023504182077865e-12,0.9999999999949765
795,2009-04-29,1.0,0.0
796,2009-04-28,1.0,0.0
797,2009-04-21,0.9982202649116516,0.0017797350883483887
798,2009-03-25,0.0,1.0
799,2009-03-18,1.0,0.0
800,2009-03-17,1.0,0.0
801,2009-03-14,0.9999877214431763,1.2278556823730469e-05
802,2009-03-10,0.9991140961647034,0.0008859038352966309
803,2009-03-04,1.0,0.0
804,2009-02-27,0.014246084727346897,0.9857539152726531
805,2009-02-25,0.999994158744812,5.841255187988281e-06
806,2009-02-18,7.940696711283834e-14,0.9999999999999206
807,2009-02-12,1.0,0.0
808,2009-02-04,0.0,1.0
809,2009-02-03,0.9919112324714661,0.008088767528533936
810,2009-01-31,0.0,1.0
811,2009-01-24,0.0,1.0
812,2009-01-14,0.0,1.0
813,2009-01-10,1.0515278072364818e-21,1.0
814,2009-01-03,9.62150000324373e-37,1.0
815,2009-01-01,5.087571260543183e-15,0.9999999999999949
816,2008-12-30,1.441534479351802e-21,1.0
817,2008-12-29,0.0,1.0
818,2008-12-27,3.260919409490922e-33,1.0
819,2008-12-26,1.0,0.0
820,2008-12-23,0.9999697208404541,3.0279159545898438e-05
821,2008-12-22,0.9999697208404541,3.0279159545898438e-05
822,2008-12-20,1.406647697708097e-30,1.0
823,2008-12-18,2.4023355220635374e-16,0.9999999999999998
824,2008-12-16,0.0,1.0
825,2008-12-12,1.6613211227800765e-17,1.0
826,2008-12-08,0.0,1.0
827,2008-12-02,1.0,0.0
828,2008-12-01,1.062376905600851e-30,1.0
829,2008-11-28,3.2000706655837577e-24,1.0
830,2008-11-27,1.0,0.0
831,2008-11-22,1.0,0.0
832,2008-11-21,0.0,1.0
833,2008-11-20,0.0,1.0
834,2008-11-15,1.123944315600875e-30,1.0
835,2008-11-13,0.0,1.0
836,2008-11-10,0.0,1.0
837,2008-11-05,0.0,1.0
838,2008-10-31,1.738322452261896e-24,1.0
839,2008-10-30,0.0,1.0
840,2008-10-29,1.5193908754141167e-20,1.0
841,2008-10-27,4.844324596998585e-31,1.0
842,2008-10-25,0.0,1.0
843,2008-10-23,0.0,1.0
844,2008-10-21,0.0011811964213848114,0.9988188035786152
845,2008-10-20,3.663823543293939e-16,0.9999999999999997
846,2008-10-17,0.0,1.0
847,2008-10-16,1.5795978470123373e-05,0.9999842040215299
848,2008-10-15,7.781953419605959e-15,0.9999999999999922
849,2008-10-13,0.0,1.0
850,2008-10-11,0.0,1.0
851,2008-10-10,0.0,1.0
852,2008-10-08,1.0,0.0
853,2008-10-06,5.508044324938514e-18,1.0
854,2008-10-04,0.0,1.0
855,2008-10-01,0.0,1.0
856,2008-09-30,2.7025143936043605e-06,0.9999972974856064
857,2008-09-26,1.0,0.0
858,2008-09-25,0.0,1.0
859,2008-09-24,5.2167632972440365e-25,1.0
860,2008-09-23,0.0,1.0
861,2008-09-22,3.6896835586830434e-10,0.9999999996310316
862,2008-09-20,1.4609063015207647e-26,1.0
863,2008-09-18,1.0793079974235978e-31,1.0
864,2008-09-17,1.7925338397617452e-05,0.9999820746616024
865,2008-09-16,0.9999951124191284,4.887580871582031e-06
866,2008-09-13,5.064324000159104e-07,0.9999994935676
867,2008-09-11,1.0,0.0
868,2008-09-09,5.134773317649888e-08,0.9999999486522668
869,2008-09-05,0.9989198446273804,0.001080155372619629
870,2008-09-04,1.5375395579094471e-30,1.0
871,2008-09-08,4.500438990362454e-07,0.999999549956101
872,2008-09-03,0.0,1.0
873,2008-09-02,4.0469987542910924e-23,1.0
874,2008-09-01,5.172144436976218e-23,1.0
875,2008-08-28,0.0,1.0
876,2008-08-22,1.8018636929739706e-11,0.9999999999819814
877,2008-08-21,0.0,1.0
878,2008-08-29,1.0,0.0
879,2008-08-20,0.0,1.0
880,2008-08-14,1.0,0.0
881,2008-08-15,0.0,1.0
882,2008-08-18,0.0,1.0
883,2008-08-13,9.080512877860477e-23,1.0
884,2008-08-12,0.0,1.0
885,2008-08-11,9.285489044330575e-11,0.9999999999071452
886,2008-08-09,0.0,1.0
887,2008-08-08,4.580549718469971e-32,1.0
888,2008-08-07,1.1840827430916354e-22,1.0
889,2008-08-06,1.0667238647954491e-08,0.9999999893327614
890,2008-08-05,1.0,0.0
891,2008-08-02,0.0,1.0
892,2008-07-31,3.829705383395776e-05,0.999961702946166
893,2008-07-30,1.0,0.0
894,2008-07-28,2.043297177845087e-31,1.0
895,2008-07-25,0.0,1.0
896,2008-07-24,0.0,1.0
897,2008-07-22,0.0,1.0
898,2008-07-21,0.0,1.0
899,2008-07-19,0.0,1.0
900,2008-07-18,4.417432328103116e-28,1.0
901,2008-07-17,0.0,1.0
902,2008-07-15,1.0593823390081525e-05,0.9999894061766099
903,2008-07-12,9.879073253893367e-11,0.9999999999012092
904,2008-07-11,3.8866406314400175e-35,1.0
905,2008-07-10,5.649062075766554e-18,1.0
906,2008-07-09,6.903938905599643e-35,1.0
907,2008-07-08,0.0,1.0
908,2008-07-07,2.1336533634371618e-37,1.0
909,2008-07-05,1.68570059811061e-25,1.0
910,2008-07-04,0.0,1.0
911,2008-07-03,0.0,1.0
912,2008-07-02,0.0,1.0
913,2008-07-01,9.3282261914851e-09,0.9999999906717738
914,2008-06-30,0.0,1.0
915,2008-06-28,0.01790144294500351,0.9820985570549965
916,2008-06-27,2.1165369616937824e-06,0.9999978834630383
917,2008-06-26,0.0,1.0
918,2008-06-24,0.0,1.0
919,2008-06-23,0.0,1.0
920,2008-06-21,0.0,1.0
921,2008-06-20,1.0,0.0
922,2008-06-19,2.6139167819306955e-15,0.9999999999999973
923,2008-06-18,0.0,1.0
924,2008-06-17,0.0,1.0
925,2008-06-16,1.227276000279493e-20,1.0
926,2008-06-14,0.9999775886535645,2.2411346435546875e-05
927,2008-06-13,3.950880594151864e-32,1.0
928,2008-06-12,5.67244098372124e-28,1.0
929,2008-06-11,1.0,0.0
930,2008-06-10,0.0,1.0
931,2008-06-09,1.0,0.0
932,2008-06-07,5.192928438191302e-05,0.9999480707156181
933,2008-06-06,3.542793271683392e-30,1.0
934,2008-06-05,1.0,0.0
935,2008-06-04,1.6189624993121174e-21,1.0
936,2008-06-03,0.0,1.0
937,2008-06-02,0.0,1.0
938,2008-05-31,0.0,1.0
939,2008-05-30,0.0,1.0
940,2008-05-29,1.0,0.0
941,2008-05-28,0.0,1.0
942,2008-05-27,1.6898262061283543e-19,1.0
943,2008-05-26,0.0,1.0
944,2008-05-24,6.624858409203941e-34,1.0
945,2008-05-23,3.8687332285597625e-32,1.0
946,2008-05-22,7.901809971319287e-32,1.0
947,2008-05-21,1.0724868388046462e-31,1.0
948,2008-05-17,3.551893848485754e-11,0.9999999999644811
949,2008-05-12,4.8385476557149905e-22,1.0
950,2008-05-10,2.5344402132532196e-09,0.9999999974655598
951,2008-05-09,0.0,1.0
952,2008-05-08,4.4508230004262936e-20,1.0
953,2008-05-07,0.0,1.0
954,2008-05-06,6.43589310053445e-34,1.0
955,2008-05-03,0.0,1.0
956,2008-05-02,0.0,1.0
957,2008-05-01,1.0,0.0
958,2008-04-30,0.0,1.0
959,2008-04-29,0.0,1.0
960,2008-04-28,1.3282433299024635e-19,1.0
961,2008-04-26,0.0,1.0
962,2008-04-25,1.7627151986378506e-32,1.0
963,2008-04-21,0.0,1.0
964,2008-04-17,0.0,1.0
965,2008-04-16,0.0,1.0
966,2008-04-11,7.53264999283828e-34,1.0
967,2008-04-15,0.0,1.0
968,2008-04-01,0.0,1.0
969,2008-03-31,0.0,1.0
970,2008-03-29,0.0,1.0
971,2008-03-22,0.0,1.0
972,2008-03-21,0.0,1.0
973,2008-03-20,2.13631221446188e-26,1.0
974,2008-03-19,8.926082725604994e-20,1.0
975,2008-03-18,0.0,1.0
976,2008-03-17,0.0,1.0
977,2008-03-15,0.0,1.0
978,2008-03-14,0.9999611377716064,3.886222839355469e-05
979,2008-03-12,0.0,1.0
980,2008-03-10,3.116212335472242e-25,1.0
981,2008-03-07,0.0,1.0
982,2008-03-05,4.828597186000403e-27,1.0
983,2008-03-03,0.0,1.0
984,2008-02-29,0.0,1.0
985,2008-02-28,0.0,1.0
986,2008-02-26,1.5046842374330804e-18,1.0
987,2008-02-25,0.0,1.0
988,2008-02-23,1.0,0.0
989,2008-02-22,6.542035196651913e-26,1.0
990,2008-02-21,0.0,1.0
991,2008-02-20,0.0,1.0
992,2008-02-15,0.0,1.0
993,2008-02-11,0.0001614270731806755,0.9998385729268193
994,2008-02-06,0.0,1.0
995,2008-01-16,0.0,1.0
996,2008-01-11,2.3867889002021636e-12,0.9999999999976132
997,2008-01-15,1.5898572769401653e-07,0.9999998410142723
998,2008-01-18,0.0,1.0
999,2008-01-26,0.0,1.0
1000,2008-01-10,1.3956894528988073e-09,0.9999999986043105
1001,2008-01-09,3.713425512639277e-22,1.0
1002,2008-01-07,0.0,1.0
1003,2008-01-04,3.690328138694777e-34,1.0
1004,2007-12-31,8.067861045901736e-08,0.9999999193213895
1005,2008-01-01,0.0,1.0
1006,2007-12-29,1.0,0.0
1007,2007-12-26,2.4827345040945303e-12,0.9999999999975173
1008,2007-12-25,0.0019478396279737353,0.9980521603720263
1009,2007-12-22,0.036006469279527664,0.9639935307204723
1010,2007-12-19,0.0,1.0
1011,2007-12-18,0.0,1.0
1012,2007-12-15,2.279506215591007e-16,0.9999999999999998
1013,2007-12-14,0.999777615070343,0.00022238492965698242
1014,2007-12-13,2.8865499400454464e-12,0.9999999999971134
1015,2007-12-10,0.0,1.0
1016,2007-12-06,0.0,1.0
1017,2007-12-05,3.163784574138908e-20,1.0
1018,2007-12-03,3.3029024072636464e-37,1.0
1019,2007-11-23,3.156384991195224e-19,1.0
1020,2007-11-22,1.0,0.0
1021,2007-11-21,1.0,0.0
1022,2007-11-19,6.541269652438861e-31,1.0
1023,2007-11-14,1.0,0.0
1024,2007-11-13,6.408389660792506e-24,1.0
1025,2007-11-10,2.3219550932052184e-33,1.0
1026,2007-11-09,0.0,1.0
1027,2007-11-08,0.0,1.0
1028,2007-11-07,2.0565804095825994e-26,1.0
1029,2007-11-06,0.0,1.0
1030,2007-11-05,6.739995025992265e-28,1.0
1031,2007-11-03,3.6590169913072734e-13,0.9999999999996341
1032,2007-11-02,1.0,0.0
1033,2007-10-31,0.0,1.0
1034,2007-10-30,0.0,1.0
1035,2007-10-29,7.078013698412207e-37,1.0
1036,2007-10-27,1.080580598416224e-13,0.999999999999892
1037,2007-10-26,1.0,0.0
1038,2007-10-25,0.0,1.0
1039,2007-10-24,0.0,1.0
1040,2007-10-23,3.7007426487672405e-21,1.0
1041,2007-10-22,0.0,1.0
1042,2007-10-20,0.0,1.0
1043,2007-10-19,5.561960279010236e-07,0.9999994438039721
1044,2007-10-18,7.029216098075608e-11,0.9999999999297078
1045,2007-10-17,1.2051450768255468e-22,1.0
1046,2007-10-03,0.0,1.0
1047,2007-10-02,0.0,1.0
1048,2007-09-22,0.0,1.0
1049,2007-09-19,0.0,1.0
1050,2007-09-15,0.0,1.0
1051,2007-09-14,2.4386853419573345e-25,1.0
1052,2007-09-13,0.0,1.0
1053,2007-09-06,5.140331216235694e-11,0.9999999999485967
1054,2007-09-04,0.0,1.0
1055,2007-08-25,0.0,1.0
1056,2007-08-14,0.0,1.0
1057,2007-08-06,6.098336066427279e-26,1.0
1058,2007-07-27,1.2965134457437354e-36,1.0
1059,2007-07-21,0.0,1.0
1060,2007-07-13,1.3464429376807254e-15,0.9999999999999987
1061,2007-07-18,1.2883371606544923e-24,1.0
1062,2007-07-12,1.6254765311529695e-09,0.9999999983745235
1063,2007-07-09,0.0,1.0
1064,2007-07-02,7.909597169910066e-23,1.0
1065,2007-06-29,0.0,1.0
1066,2007-06-16,0.0,1.0
1067,2007-06-09,8.812862820149064e-15,0.9999999999999912
1068,2007-06-08,0.0,1.0
1069,2007-05-29,4.9529051016657125e-25,1.0
1070,2007-06-07,0.0,1.0
1071,2007-05-28,1.589788428796676e-21,1.0
1072,2007-05-26,0.0,1.0
1073,2007-05-22,8.306294723713111e-27,1.0
1074,2007-05-14,1.9415314841952913e-11,0.9999999999805846
1075,2007-05-11,4.278468855242745e-13,0.9999999999995721
1076,2007-05-09,1.7386407576371526e-24,1.0
1077,2007-05-07,0.0,1.0
1078,2007-05-03,1.466498450453102e-11,0.9999999999853351
1079,2007-05-02,0.0,1.0
1080,2007-04-18,3.975979545600694e-09,0.9999999960240205
1081,2007-04-05,1.0,0.0
1082,2007-03-29,0.9998703002929688,0.00012969970703125
1083,2007-03-22,5.379567872967697e-18,1.0
1084,2007-03-19,7.678272080646753e-12,0.9999999999923217
1085,2007-03-13,8.766805373459498e-27,1.0
1086,2007-03-01,1.041614097051387e-15,0.999999999999999
1087,2007-02-23,0.0,1.0
1088,2007-02-22,6.463871375078239e-18,1.0
1089,2007-02-21,6.332147722215268e-20,1.0
1090,2007-02-15,1.0,0.0
1091,2007-02-03,3.4800305857195624e-20,1.0
1092,2007-01-31,0.0,1.0
1093,2007-01-16,0.9854153394699097,0.014584660530090332
1094,2007-01-13,1.0,0.0
1095,2007-01-08,2.2036421861262086e-15,0.9999999999999978
1096,2007-01-06,0.0,1.0
1097,2007-01-02,0.9802953600883484,0.01970463991165161
1098,2007-01-01,1.0,0.0
1099,2006-12-27,1.8340486415653818e-29,1.0
1100,2006-12-26,6.156180556531097e-20,1.0
1101,2006-12-19,5.515818039088317e-20,1.0
1102,2006-12-14,1.7790780831831437e-23,1.0
1103,2006-12-08,3.2926863013926777e-07,0.9999996707313699
1104,2006-12-06,7.479475812033343e-07,0.9999992520524188
1105,2006-12-02,1.0,0.0
1106,2006-11-25,1.0,0.0
1107,2006-10-30,2.5193588953698054e-05,0.9999748064110463
1108,2006-10-27,1.4355513066576902e-16,0.9999999999999999
1109,2006-10-24,0.0025155714247375727,0.9974844285752624
1110,2006-10-21,2.1915750023605228e-26,1.0
1111,2006-10-16,0.9999802112579346,1.9788742065429688e-05
1112,2006-10-11,0.999996542930603,3.4570693969726562e-06
1113,2006-10-05,1.7944574715045292e-09,0.9999999982055425
1114,2006-09-30,1.0,0.0
1115,2006-09-28,1.5688785711472355e-19,1.0
1116,2006-09-27,0.6823644638061523,0.31763553619384766
1117,2006-09-14,0.0,1.0
1118,2006-09-08,5.948153220329369e-23,1.0
1119,2006-09-02,1.0,0.0
1120,2006-08-29,0.0,1.0
1121,2006-08-26,0.98432457447052,0.01567542552947998
1122,2006-08-23,1.1337813804546578e-27,1.0
1123,2006-08-22,6.17293519096757e-24,1.0
1124,2006-08-21,1.4824431829665863e-16,0.9999999999999999
1125,2006-08-09,2.2773177399831224e-22,1.0
1126,2006-08-08,1.0,0.0
1127,2006-08-01,0.0,1.0
1128,2006-08-19,0.0,1.0
1129,2006-07-26,0.0,1.0
1130,2006-07-21,0.9999996423721313,3.5762786865234375e-07
1131,2006-07-18,1.380415754090063e-36,1.0
1132,2006-07-17,1.0,0.0
1133,2006-07-15,1.0,0.0
1134,2006-07-11,1.0,0.0
1135,2006-07-07,0.0,1.0
1136,2006-07-05,3.140344051644206e-05,0.9999685965594836
1137,2006-07-04,3.776627877240142e-36,1.0
1138,2006-07-03,0.9999940395355225,5.9604644775390625e-06
1139,2006-06-26,3.7011204767622985e-07,0.9999996298879523
1140,2006-06-20,2.1983632904516714e-13,0.9999999999997802
1141,2006-06-19,0.0,1.0
1142,2006-06-17,0.0,1.0
1143,2006-06-16,1.1079382202827903e-30,1.0
1144,2006-06-09,4.5717864080845907e-32,1.0
1145,2006-06-06,1.0,0.0
1146,2006-06-03,1.0,0.0
1147,2006-06-02,1.0,0.0
1148,2006-06-01,9.732303880351963e-32,1.0
1149,2006-05-26,4.7636034715818425e-23,1.0
1150,2006-05-19,1.0,0.0
1151,2006-05-16,5.06177973949979e-25,1.0
1152,2006-05-13,0.12786780297756195,0.872132197022438
1153,2006-05-12,1.0,0.0
1154,2006-05-11,1.0,0.0
1155,2006-05-10,3.13186312439484e-08,0.9999999686813688
1156,2006-05-09,1.0,0.0
1157,2006-05-08,5.5091410825212026e-24,1.0
1158,2006-05-04,1.0,0.0
1159,2006-05-03,1.0,0.0
1160,2006-05-02,1.7089053783170272e-10,0.9999999998291095
1161,2006-04-28,1.0,0.0
1162,2006-04-26,0.0,1.0
1163,2006-04-25,0.0,1.0
1164,2006-04-21,0.0,1.0
1165,2006-04-20,0.9999974966049194,2.5033950805664062e-06
1166,2006-04-19,0.9281513690948486,0.07184863090515137
1167,2006-04-18,4.547019623733528e-32,1.0
1168,2006-04-12,0.9087398052215576,0.09126019477844238
1169,2006-04-11,0.0,1.0
1170,2006-04-07,1.0,0.0
1171,2006-04-05,1.0,0.0
1172,2006-04-04,0.0,1.0
1173,2006-03-27,1.0,0.0
1174,2006-03-23,1.0,0.0
1175,2006-03-21,9.098495499606481e-26,1.0
1176,2006-03-20,1.0917432141706809e-16,0.9999999999999999
1177,2006-03-10,4.019687249723347e-09,0.9999999959803128
1178,2006-03-06,2.1428541898776663e-22,1.0
1179,2006-04-08,0.0,1.0
1180,2006-03-01,0.0,1.0
1181,2006-02-25,1.0953811718702313e-23,1.0
1182,2006-02-24,0.0,1.0
1183,2006-02-15,1.1901639929238937e-23,1.0
1184,2006-02-14,8.44691103216625e-22,1.0
1185,2006-02-27,1.0,0.0
1186,2006-02-02,1.0,0.0
1187,2006-02-01,2.7729289470123203e-17,1.0
1188,2006-01-31,1.0,0.0
1189,2006-01-27,1.853871636629852e-28,1.0
1190,2006-01-26,1.0,0.0
1191,2006-01-25,1.0,0.0
1192,2006-01-24,4.4364868613681516e-33,1.0
1193,2006-01-19,0.0,1.0
1194,2006-01-17,1.5403961060188323e-18,1.0
1195,2006-01-13,4.932873292461847e-28,1.0
1196,2006-01-12,1.0692846517349353e-15,0.9999999999999989
1197,2006-01-11,4.768550828526154e-22,1.0
1198,2006-01-06,1.7339408013391325e-36,1.0
1199,2006-01-05,0.0,1.0
1200,2006-01-04,0.0,1.0
1201,2005-12-31,1.0,0.0
1202,2005-12-29,1.0,0.0
1203,2005-12-27,1.0998427862896065e-11,0.9999999999890016
1204,2005-12-26,1.069785120407661e-25,1.0
1205,2005-12-25,2.839840450470643e-13,0.999999999999716
1206,2005-12-16,0.806480348110199,0.19351965188980103
1207,2005-12-12,1.0,0.0
1208,2005-12-09,2.5530137899576477e-12,0.9999999999974469
1209,2005-12-08,0.0,1.0
1210,2005-12-07,0.0,1.0
1211,2005-11-30,1.0,0.0
1212,2005-11-24,1.1064622640333255e-07,0.9999998893537736
1213,2005-11-23,0.0,1.0
1214,2005-11-19,0.0,1.0
1215,2005-11-12,1.589336834857668e-32,1.0
1216,2005-09-30,1.0,0.0
1217,2005-09-29,0.9999004602432251,9.953975677490234e-05
1218,2005-09-28,3.4687568758866816e-32,1.0
1219,2005-09-27,2.730869089145491e-22,1.0
1220,2005-09-22,0.0,1.0
1221,2005-09-21,1.0,0.0
1222,2005-09-20,0.02904241718351841,0.9709575828164816
1223,2005-09-16,8.076196910669284e-14,0.9999999999999193
1224,2005-09-14,1.5240688908565904e-36,1.0
1225,2005-09-13,1.0,0.0
1226,2005-09-12,0.2373485267162323,0.7626514732837677
1227,2005-09-11,1.0,0.0
1228,2005-11-02,0.0,1.0
1229,2005-10-20,0.008794520981609821,0.9912054790183902
1230,2005-10-17,4.6488770193766244e-21,1.0
1231,2005-10-14,5.701927837838283e-27,1.0
1232,2005-10-13,3.657161917617779e-24,1.0
1233,2005-10-12,1.0,0.0
1234,2005-10-10,0.0,1.0
1235,2005-10-09,1.0,0.0
1236,2005-10-08,0.0,1.0
1237,2005-10-07,7.248838167087449e-14,0.9999999999999275
1238,2005-10-06,1.0,0.0
1239,2005-10-05,0.0,1.0
1240,2005-09-08,0.0,1.0
1241,2005-09-01,9.11584095319995e-07,0.9999990884159047
1242,2005-09-03,3.2207026379182935e-07,0.9999996779297362
1243,2005-09-05,6.8324565907882e-15,0.9999999999999931
1244,2005-08-31,3.1685003470775797e-13,0.9999999999996831
1245,2005-08-30,5.810601999556297e-10,0.9999999994189398
1246,2005-09-06,2.2238517971562288e-10,0.9999999997776148
1247,2005-09-09,0.9999819993972778,1.800060272216797e-05
1248,2005-09-02,1.0,0.0
1249,2005-08-29,3.81668954073695e-20,1.0
1250,2005-08-27,1.0,0.0
1251,2005-08-26,1.0,0.0
1252,2005-08-25,0.9974243640899658,0.0025756359100341797
1253,2005-08-22,1.0,0.0
1254,2005-08-20,0.0,1.0
1255,2005-08-19,1.0,0.0
1256,2005-08-18,0.0,1.0
1257,2005-08-17,0.9998492002487183,0.00015079975128173828
1258,2005-08-13,1.0,0.0
1259,2005-08-12,1.0,0.0
1260,2005-08-10,0.0,1.0
1261,2005-08-09,4.887573864443997e-16,0.9999999999999996
1262,2005-08-08,0.0,1.0
1263,2005-08-11,0.9999998807907104,1.1920928955078125e-07
1264,2005-08-06,0.0,1.0
1265,2005-08-05,2.30671168507057e-30,1.0
1266,2005-08-04,1.0,0.0
1267,2005-08-03,0.9560732841491699,0.04392671585083008
1268,2005-08-01,1.0,0.0
1269,2005-07-27,0.0,1.0
1270,2005-07-15,0.0,1.0
1271,2005-07-14,4.134057224512591e-35,1.0
1272,2005-07-13,1.0,0.0
1273,2005-07-12,6.222262830847536e-13,0.9999999999993777
1274,2005-07-16,1.40248994313024e-15,0.9999999999999986
1275,2005-07-11,1.3649326674783116e-20,1.0
1276,2005-07-09,1.3578208126997994e-31,1.0
1277,2005-07-08,0.0,1.0
1278,2005-07-22,1.0,0.0
1279,2005-07-07,2.9896671618380444e-14,0.9999999999999701
1280,2005-07-06,1.0,0.0
1281,2005-07-04,0.0,1.0
1282,2005-07-01,1.2551313180962815e-25,1.0
1283,2005-07-02,1.3952429434027636e-08,0.9999999860475706
1284,2005-06-30,1.8292098358069018e-18,1.0
1285,2005-06-29,6.836585839664622e-07,0.999999316341416
1286,2005-06-27,3.373070749121632e-16,0.9999999999999997
1287,2005-06-25,1.0577025471576691e-37,1.0
1288,2005-06-23,1.0,0.0
1289,2005-06-22,6.541263220369313e-18,1.0
1290,2005-06-17,9.58912330426971e-19,1.0
1291,2005-06-20,0.22077716886997223,0.7792228311300278
1292,2005-06-15,1.0,0.0
1293,2005-06-14,1.0,0.0
1294,2005-06-08,0.0,1.0
1295,2005-05-27,1.0,0.0
1296,2005-05-19,0.0,1.0
1297,2005-05-16,0.0,1.0
1298,2005-05-07,9.005097696435257e-25,1.0
1299,2005-04-30,3.0926335093015142e-18,1.0
1300,2005-04-20,0.0,1.0
1301,2005-04-18,1.0,0.0
1302,2005-04-14,9.354030275801931e-34,1.0
1303,2005-04-13,0.999998927116394,1.0728836059570312e-06
1304,2005-04-06,1.0,0.0
1305,2005-04-02,1.6478825397533869e-18,1.0
1306,2005-04-01,1.8737334940220585e-16,0.9999999999999998
1307,2005-03-30,1.0,0.0
1308,2005-03-26,1.0,0.0
1309,2005-03-25,0.0005383911193348467,0.9994616088806652
1310,2005-03-23,1.2395492714378605e-31,1.0
1311,2005-03-21,1.0,0.0
1312,2005-03-19,0.9999998807907104,1.1920928955078125e-07
1313,2005-03-18,1.0,0.0
1314,2005-03-17,5.061832029917834e-12,0.9999999999949382
1315,2005-03-16,1.0,0.0
1316,2005-03-11,0.0,1.0
1317,2005-03-09,2.2252227079868923e-32,1.0
1318,2005-03-08,7.303171196751358e-36,1.0
1319,2005-03-07,0.0,1.0
1320,2005-03-05,7.022265546829942e-10,0.9999999992977735
