기간,Dubai,Brent,WTI
08년06월09일,130.71,133.91,134.35
08년06월10일,127.66,131.02,131.31
08년06월11일,127.61,135.02,136.38
08년06월12일,130.16,136.09,136.74
08년06월13일,131.03,134.25,134.86
08년06월16일,128.72,134.71,134.61
08년06월17일,129.52,133.72,134.01
08년06월18일,128.40,136.44,136.68
08년06월19일,130.62,132.00,131.93
08년06월20일,127.09,134.86,134.62
08년06월23일,130.07,135.91,136.74
08년06월24일,130.88,136.46,137.00
08년06월25일,130.80,134.33,134.55
08년06월26일,128.41,139.83,139.64
08년06월27일,135.15,140.31,140.21
08년06월30일,136.16,139.83,140.00
08년07월01일,136.56,140.67,140.97
08년07월02일,136.73,144.26,143.57
08년07월03일,140.31,146.08,145.29
08년07월04일,140.70,144.42,-
08년07월07일,138.91,141.87,141.37
08년07월08일,137.51,136.43,136.04
08년07월09일,134.15,136.58,136.05
08년07월10일,132.81,142.03,141.65
08년07월11일,139.03,144.49,145.08
08년07월14일,139.01,143.92,145.18
08년07월15일,140.22,138.75,138.74
08년07월16일,134.05,136.19,134.60
08년07월17일,131.08,131.07,129.29
08년07월18일,128.15,130.19,128.88
08년07월21일,127.70,132.61,131.04
08년07월22일,129.01,129.55,127.95
08년07월23일,123.58,125.29,124.44
08년07월24일,120.99,126.44,125.49
08년07월25일,122.60,124.52,123.26
08년07월28일,121.28,125.84,124.73
08년07월29일,122.53,122.71,122.19
08년07월30일,119.96,127.10,126.77
08년07월31일,123.33,123.98,124.08
08년08월01일,120.40,124.18,125.10
08년08월04일,122.51,120.68,121.41
08년08월05일,117.32,117.70,119.17
08년08월06일,116.11,117.00,118.58
08년08월07일,115.30,117.86,120.02
08년08월08일,114.16,113.33,115.20
08년08월11일,113.21,112.67,114.45
08년08월12일,110.28,111.15,113.01
08년08월13일,109.69,113.47,116.00
08년08월14일,111.90,112.64,115.01
08년08월15일,108.09,112.55,113.77
08년08월18일,109.58,111.94,112.87
08년08월19일,107.93,113.25,114.53
08년08월20일,110.70,114.36,114.98
08년08월21일,112.24,120.16,121.18
08년08월22일,116.74,113.92,114.59
08년08월25일,111.34,114.03,115.11
08년08월26일,110.52,114.63,116.27
08년08월27일,111.52,116.22,118.15
08년08월28일,112.24,114.17,115.59
08년08월29일,111.03,114.05,115.46
08년09월01일,111.64,109.41,-
08년09월02일,101.65,108.34,109.71
08년09월03일,103.27,108.06,109.35
08년09월04일,104.75,106.30,107.89
08년09월05일,101.33,104.09,106.23
08년09월08일,101.83,103.44,106.34
08년09월09일,98.95,100.34,103.26
08년09월10일,97.92,98.97,102.58
08년09월11일,95.62,97.64,100.87
08년09월12일,95.46,97.58,101.18
08년09월15일,92.35,92.38,95.71
08년09월16일,86.56,89.22,91.15
08년09월17일,87.17,94.84,97.16
08년09월18일,88.37,95.19,97.88
08년09월19일,89.88,99.61,104.55
08년09월22일,95.10,106.04,120.92
08년09월23일,96.68,103.08,106.61
08년09월24일,97.11,102.45,105.73
08년09월25일,95.22,104.60,108.02
08년09월26일,95.76,103.54,106.89
08년09월29일,94.11,93.98,96.37
08년09월30일,87.94,98.17,100.64
08년10월01일,-,95.33,98.53
08년10월02일,89.54,90.56,93.97
08년10월03일,85.41,90.25,93.88
08년10월06일,80.25,83.68,87.81
08년10월07일,77.99,84.66,90.06
08년10월08일,74.56,84.36,88.95
08년10월09일,76.54,82.66,86.59
08년10월10일,72.00,74.09,77.70
08년10월13일,70.93,77.46,81.19
08년10월14일,73.75,74.53,78.63
08년10월15일,68.59,70.80,74.54
08년10월16일,61.91,66.32,69.85
08년10월17일,61.31,69.60,71.85
08년10월20일,62.83,72.03,74.25
08년10월21일,63.53,69.72,70.89
08년10월22일,59.81,64.52,66.75
08년10월23일,58.54,65.92,67.84
08년10월24일,56.47,62.05,64.15
08년10월27일,-,61.41,63.22
08년10월28일,54.94,60.29,62.73
08년10월29일,55.42,65.47,67.50
08년10월30일,60.56,63.71,65.96
08년10월31일,55.74,65.32,67.81
08년11월03일,60.44,60.48,63.91
08년11월04일,55.21,66.44,70.53
08년11월05일,59.36,61.87,65.30
08년11월06일,56.21,57.43,60.77
08년11월07일,53.81,57.35,61.04
08년11월10일,55.78,59.08,62.41
08년11월11일,52.78,55.71,59.33
08년11월12일,51.26,52.37,56.16
08년11월13일,47.35,51.99,58.24
08년11월14일,49.51,54.24,57.04
08년11월17일,47.92,52.31,54.95
08년11월18일,46.67,51.84,54.39
08년11월19일,45.89,51.72,53.62
08년11월20일,44.89,48.08,49.62
08년11월21일,42.91,49.19,49.93
08년11월24일,42.82,53.93,54.50
08년11월25일,46.13,50.35,50.77
08년11월26일,44.18,53.92,54.44
08년11월27일,47.24,53.13,-
08년11월28일,47.61,53.49,54.43
08년12월01일,47.39,47.97,49.28
08년12월02일,42.56,45.44,46.96
08년12월03일,41.86,45.44,46.79
08년12월04일,40.92,42.28,43.67
08년12월05일,38.91,39.74,40.81
08년12월08일,-,43.42,43.71
08년12월09일,39.73,41.53,42.07
08년12월10일,39.28,42.40,43.52
08년12월11일,39.68,47.39,47.98
08년12월12일,42.53,46.41,46.28
08년12월15일,43.82,44.60,44.51
08년12월16일,42.55,44.56,43.60
08년12월17일,43.59,45.53,40.06
08년12월18일,42.45,43.36,36.22
08년12월19일,40.46,44.00,33.87
08년12월22일,40.44,41.45,39.91
08년12월23일,37.37,40.36,38.98
08년12월24일,36.88,36.61,35.35
08년12월26일,-,38.37,37.71
08년12월29일,36.84,40.55,40.02
08년12월30일,36.74,40.15,39.03
08년12월31일,36.45,45.59,44.60
09년01월02일,42.88,46.91,46.34
09년01월05일,45.48,49.62,48.81
09년01월06일,48.53,50.53,48.58
09년01월07일,50.25,45.86,42.63
09년01월08일,45.71,44.67,41.70
09년01월09일,45.93,44.42,40.83
09년01월12일,44.29,42.91,37.59
09년01월13일,42.20,44.83,37.78
09년01월14일,44.93,45.08,37.28
09년01월15일,44.18,44.69,35.40
09년01월16일,45.10,46.57,36.51
09년01월19일,43.56,44.50,-
09년01월20일,40.69,43.62,38.74
09년01월21일,40.61,45.02,43.55
09년01월22일,42.15,45.39,43.67
09년01월23일,42.41,48.37,46.47
09년01월26일,-,46.96,45.73
09년01월27일,-,43.73,41.58
09년01월28일,42.59,44.90,42.16
09년01월29일,42.95,45.40,41.44
09년01월30일,43.90,45.88,41.68
09년02월02일,44.80,43.82,40.08
09년02월03일,42.74,44.08,40.78
09년02월04일,42.86,44.15,40.32
09년02월05일,43.42,46.46,41.17
09년02월06일,45.45,46.21,40.17
09년02월09일,45.12,46.02,39.56
09년02월10일,45.56,44.61,37.55
09년02월11일,44.60,44.28,35.94
09년02월12일,44.53,44.65,33.98
09년02월13일,44.36,44.81,37.51
09년02월16일,43.32,43.28,-
09년02월17일,42.75,41.03,34.93
09년02월18일,40.45,39.55,34.62
09년02월19일,40.10,41.99,39.48
09년02월20일,41.38,41.89,38.94
09년02월23일,41.44,40.99,38.44
09년02월24일,40.13,42.50,39.96
09년02월25일,41.39,44.29,42.50
09년02월26일,43.38,46.51,45.22
09년02월27일,44.05,46.35,44.76
09년03월02일,43.66,42.21,40.15
09년03월03일,41.24,43.70,41.65
09년03월04일,41.93,46.12,45.38
09년03월05일,43.98,43.64,43.61
09년03월06일,43.04,44.85,45.52
09년03월09일,43.71,44.13,47.07
09년03월10일,43.12,43.96,45.71
09년03월11일,43.10,41.40,42.33
09년03월12일,41.46,45.09,47.03
09년03월13일,44.03,44.93,46.25
09년03월16일,42.07,43.98,47.35
09년03월17일,43.77,48.24,49.16
09년03월18일,46.04,47.66,48.14
09년03월19일,46.62,50.67,51.61
09년03월20일,48.62,51.22,51.06
09년03월23일,49.61,53.47,53.80
09년03월24일,50.22,53.50,53.98
09년03월25일,50.16,51.75,52.77
09년03월26일,50.42,53.46,54.34
09년03월27일,50.87,51.98,52.38
09년03월30일,48.31,47.99,48.41
09년03월31일,46.80,49.23,49.66
09년04월01일,47.01,48.44,48.39
09년04월02일,48.24,52.75,52.64
09년04월03일,50.75,53.47,52.51
09년04월06일,52.58,52.24,51.05
09년04월07일,51.20,51.22,49.15
09년04월08일,49.17,51.59,49.38
09년04월09일,51.99,54.06,52.24
09년04월13일,52.15,52.14,50.05
09년04월14일,51.02,51.96,49.41
09년04월15일,51.46,51.79,49.25
09년04월16일,51.61,53.06,49.98
09년04월17일,51.16,53.35,50.33
09년04월20일,50.98,49.86,45.88
09년04월21일,48.58,49.82,46.51
09년04월22일,48.61,49.81,48.85
09년04월23일,48.25,50.11,49.62
09년04월24일,48.94,51.67,51.55
09년04월27일,48.72,50.32,50.14
09년04월28일,48.02,49.99,49.92
09년04월29일,49.20,50.78,50.97
09년04월30일,50.06,50.80,51.12
09년05월01일,-,52.85,53.20
09년05월04일,52.62,54.58,54.47
09년05월05일,53.32,54.12,53.84
09년05월06일,53.97,56.15,56.34
09년05월07일,56.86,56.47,56.71
09년05월08일,56.76,58.14,58.63
09년05월11일,56.75,57.48,58.50
09년05월12일,57.37,57.94,58.85
09년05월13일,58.09,57.34,58.02
09년05월14일,56.52,56.69,58.62
09년05월15일,57.87,55.98,56.34
09년05월18일,58.09,58.47,59.03
09년05월19일,58.70,58.92,59.65
09년05월20일,58.59,60.59,62.04
09년05월21일,59.23,59.93,61.05
09년05월22일,59.51,60.78,61.67
09년05월25일,59.15,60.21,-
09년05월26일,58.28,61.24,62.45
09년05월27일,61.05,62.50,63.45
09년05월28일,61.23,64.39,65.08
09년05월29일,63.86,65.52,66.31
09년06월01일,66.28,67.97,68.58
09년06월02일,66.46,68.17,68.55
09년06월03일,67.72,65.88,66.12
09년06월04일,66.83,68.71,68.81
09년06월05일,69.08,68.34,68.44
09년06월08일,67.32,67.88,68.09
09년06월09일,69.24,69.62,70.01
09년06월10일,70.95,70.80,71.33
09년06월11일,71.19,71.79,72.68
09년06월12일,71.48,70.92,72.04
09년06월15일,70.73,69.44,70.62
09년06월16일,70.10,70.24,70.47
09년06월17일,70.18,70.85,71.03
09년06월18일,71.01,71.06,71.37
09년06월19일,71.36,69.19,69.55
09년06월22일,69.33,66.98,66.93
09년06월23일,66.58,68.80,69.24
09년06월24일,68.86,68.33,68.67
09년06월25일,69.07,69.78,70.23
09년06월26일,70.80,68.92,69.16
09년06월29일,69.39,70.99,71.49
09년06월30일,71.85,69.30,69.89
09년07월01일,69.91,68.79,69.31
09년07월02일,67.98,66.65,66.73
09년07월03일,66.72,65.61,-
09년07월06일,64.26,64.05,64.05
09년07월07일,64.00,63.23,62.93
09년07월08일,62.48,60.43,60.14
09년07월09일,61.74,61.10,60.41
09년07월10일,60.78,60.52,59.89
09년07월13일,60.50,60.69,59.69
09년07월14일,62.08,60.86,59.52
09년07월15일,62.03,63.09,61.54
09년07월16일,63.16,62.75,62.02
09년07월17일,63.19,65.38,63.56
09년07월20일,65.31,66.44,63.98
09년07월21일,64.90,66.87,64.72
09년07월22일,64.65,67.21,65.40
09년07월23일,65.75,69.25,67.16
09년07월24일,67.89,70.32,68.05
09년07월27일,68.98,70.81,68.38
09년07월28일,68.79,69.88,67.23
09년07월29일,66.63,66.53,63.35
09년07월30일,64.71,70.11,66.94
09년07월31일,67.78,71.70,69.45
09년08월03일,71.36,73.55,71.58
09년08월04일,71.21,74.28,71.42
09년08월05일,72.38,75.51,71.97
09년08월06일,73.17,74.83,71.94
09년08월07일,71.72,73.59,70.93
09년08월10일,-,73.50,70.60
09년08월11일,71.82,72.46,69.45
09년08월12일,70.82,72.89,70.16
09년08월13일,72.24,73.48,70.52
09년08월14일,72.60,72.41,67.51
09년08월17일,68.49,70.54,66.75
09년08월18일,69.30,72.37,69.19
09년08월19일,70.08,74.59,72.42
09년08월20일,72.73,73.33,72.54
09년08월21일,71.77,74.19,73.89
09년08월24일,72.67,74.26,74.37
09년08월25일,72.09,71.82,72.05
09년08월26일,70.88,71.65,71.43
09년08월27일,70.11,72.51,72.49
09년08월28일,71.50,72.79,72.74
09년08월31일,70.36,69.65,69.96
09년09월01일,69.19,67.73,68.05
09년09월02일,67.09,67.66,68.05
09년09월03일,67.76,67.12,67.96
09년09월04일,66.98,66.82,68.02
09년09월07일,66.92,66.53,-
09년09월08일,67.30,69.42,71.10
09년09월09일,69.13,69.83,71.31
09년09월10일,69.96,69.86,71.94
09년09월11일,69.21,67.69,69.29
09년09월14일,67.05,67.44,68.86
09년09월15일,67.20,67.35,70.93
09년09월16일,68.77,71.67,72.51
09년09월17일,70.62,71.55,72.47
09년09월18일,69.93,71.32,72.04
09년09월21일,-,68.69,69.71
09년09월22일,68.66,70.53,71.55
09년09월23일,69.61,67.99,68.97
09년09월24일,66.58,64.82,65.89
09년09월25일,64.74,65.11,66.02
09년09월28일,64.02,65.54,66.84
09년09월29일,64.98,65.49,66.71
09년09월30일,65.33,69.07,70.61
09년10월01일,68.27,69.19,70.82
09년10월02일,68.08,68.07,69.95
09년10월05일,67.68,68.04,70.41
09년10월06일,68.48,68.56,70.88
09년10월07일,68.72,67.20,69.57
09년10월08일,67.67,69.77,71.69
09년10월09일,69.07,70.00,71.77
09년10월12일,70.30,71.36,73.27
09년10월13일,71.58,72.40,74.15
09년10월14일,72.56,73.10,75.18
09년10월15일,73.40,74.45,77.58
09년10월16일,75.30,76.99,78.53
09년10월19일,76.03,77.77,79.61
09년10월20일,76.38,77.24,79.09
09년10월21일,75.80,79.69,81.37
09년10월22일,77.80,79.51,81.19
09년10월23일,78.52,78.92,80.50
09년10월26일,77.85,77.26,78.68
09년10월27일,76.76,77.92,79.55
09년10월28일,76.88,75.86,77.46
09년10월29일,75.52,78.04,79.87
09년10월30일,77.09,75.20,77.00
09년11월02일,75.51,76.55,78.13
09년11월03일,76.17,78.11,79.60
09년11월04일,78.21,78.89,80.40
09년11월05일,78.45,77.99,79.62
09년11월06일,78.74,75.87,77.43
09년11월09일,77.27,77.77,79.43
09년11월10일,77.37,77.50,79.05
09년11월11일,78.10,77.95,79.28
09년11월12일,78.40,76.02,76.94
09년11월13일,77.19,75.55,76.35
09년11월16일,77.34,78.76,78.90
09년11월17일,78.29,78.97,79.14
09년11월18일,79.02,79.47,79.58
09년11월19일,78.70,77.64,77.46
09년11월20일,77.59,77.20,76.72
09년11월23일,78.02,77.46,77.56
09년11월24일,77.16,76.46,76.02
09년11월25일,76.96,78.44,77.96
09년11월26일,77.59,76.99,-
09년11월27일,-,77.18,76.05
09년11월30일,77.71,78.47,77.28
09년12월01일,79.34,79.35,78.37
09년12월02일,79.70,77.88,76.60
09년12월03일,79.39,78.36,76.46
09년12월04일,78.38,77.52,75.47
09년12월07일,78.18,76.43,73.93
09년12월08일,77.40,75.19,72.62
09년12월09일,76.58,72.39,70.67
09년12월10일,73.74,71.86,70.54
09년12월11일,73.15,71.88,69.87
09년12월14일,72.31,71.89,69.51
09년12월15일,72.17,72.05,70.69
09년12월16일,73.19,73.55,72.66
09년12월17일,73.26,73.37,72.65
09년12월18일,72.98,73.75,73.36
09년12월21일,73.06,72.99,72.47
09년12월22일,72.33,73.46,74.40
09년12월23일,72.91,75.45,76.67
09년12월24일,75.26,76.31,78.05
09년12월28일,75.53,77.32,78.77
09년12월29일,76.95,77.64,78.87
09년12월30일,77.44,78.03,79.28
09년12월31일,78.04,77.93,79.36
10년01월04일,78.27,80.12,81.51
10년01월05일,79.83,80.59,81.77
10년01월06일,79.92,81.89,83.18
10년01월07일,80.76,81.51,82.66
10년01월08일,80.34,81.37,82.75
10년01월11일,81.35,80.97,82.52
10년01월12일,80.04,79.30,80.79
10년01월13일,77.94,78.31,79.65
10년01월14일,78.45,77.82,79.39
10년01월15일,77.55,77.11,78.00
10년01월18일,76.45,77.10,-
10년01월19일,76.17,77.63,79.02
10년01월20일,76.50,76.32,77.62
10년01월21일,75.96,74.58,76.08
10년01월22일,74.45,72.83,74.54
10년01월25일,72.32,73.69,75.26
10년01월26일,72.34,73.29,74.71
10년01월27일,72.38,72.24,73.67
10년01월28일,72.30,72.13,73.64
10년01월29일,71.59,71.46,72.89
10년02월01일,71.28,73.11,74.43
10년02월02일,72.91,76.06,77.23
10년02월03일,76.00,75.92,76.98
10년02월04일,74.78,72.13,73.14
10년02월05일,70.62,69.59,71.19
10년02월08일,69.46,70.11,71.89
10년02월09일,70.06,72.13,73.75
10년02월10일,71.39,72.54,74.52
10년02월11일,72.31,73.05,75.28
10년02월12일,72.81,72.90,74.13
10년02월15일,-,72.51,-
10년02월16일,-,75.68,77.01
10년02월17일,75.07,76.27,77.33
10년02월18일,74.03,77.78,79.06
10년02월19일,74.99,78.19,79.81
10년02월22일,76.65,78.61,80.16
10년02월23일,76.66,77.25,78.86
10년02월24일,75.41,78.09,80.00
10년02월25일,76.00,76.29,78.17
10년02월26일,74.29,77.59,79.66
10년03월01일,76.50,76.89,78.70
10년03월02일,75.16,78.18,79.68
10년03월03일,76.09,79.25,80.87
10년03월04일,76.60,78.54,80.21
10년03월05일,77.05,79.89,81.50
10년03월08일,78.18,80.47,81.87
10년03월09일,77.65,79.91,81.49
10년03월10일,77.52,80.48,82.09
10년03월11일,77.87,80.28,82.11
10년03월12일,78.31,79.39,81.24
10년03월15일,77.35,77.89,79.80
10년03월16일,75.81,79.02,81.70
10년03월17일,77.95,81.96,82.93
10년03월18일,77.67,81.48,82.20
10년03월19일,78.09,79.88,80.68
10년03월22일,76.65,80.54,81.25
10년03월23일,77.47,80.70,81.91
10년03월24일,77.45,79.62,80.61
10년03월25일,77.27,79.61,80.53
10년03월26일,77.67,79.29,80.00
10년03월29일,77.35,81.17,82.17
10년03월30일,78.56,81.28,82.37
10년03월31일,78.71,82.70,83.76
10년04월01일,80.14,84.01,84.87
10년04월05일,82.30,85.88,86.62
10년04월06일,83.20,86.15,86.84
10년04월07일,83.63,85.59,85.88
10년04월08일,83.55,84.81,85.39
10년04월09일,83.70,84.83,84.92
10년04월12일,83.57,84.77,84.34
10년04월13일,82.98,84.72,84.05
10년04월14일,83.48,86.15,85.84
10년04월15일,84.41,87.17,85.51
10년04월16일,84.86,85.99,83.24
10년04월19일,82.47,84.23,81.45
10년04월20일,83.16,84.80,83.45
10년04월21일,83.46,85.70,83.68
10년04월22일,84.06,85.67,83.70
10년04월23일,83.74,87.25,85.12
10년04월26일,85.40,86.83,84.20
10년04월27일,84.67,85.78,82.44
10년04월28일,83.38,86.16,83.22
10년04월29일,84.60,86.90,85.17
10년04월30일,85.78,87.44,86.15
10년05월03일,86.13,88.94,86.19
10년05월04일,87.40,85.67,82.74
10년05월05일,83.98,82.61,79.97
10년05월06일,81.38,79.83,77.11
10년05월07일,79.24,78.27,75.11
10년05월10일,80.76,80.12,76.80
10년05월11일,79.28,80.49,76.37
10년05월12일,80.97,81.20,75.65
10년05월13일,81.35,80.11,74.40
10년05월14일,79.23,77.18,71.61
10년05월17일,75.89,75.10,70.08
10년05월18일,75.22,74.43,69.41
10년05월19일,72.28,73.69,69.87
10년05월20일,72.22,71.84,68.01
10년05월21일,69.70,71.68,70.04
10년05월24일,70.22,71.17,70.21
10년05월25일,68.28,69.55,68.75
10년05월26일,69.19,71.74,71.51
10년05월27일,70.85,74.66,74.55
10년05월28일,-,74.02,73.97
10년05월31일,73.32,74.65,-
10년06월01일,72.11,72.71,72.58
10년06월02일,71.85,73.75,72.86
10년06월03일,74.45,75.41,74.61
10년06월04일,75.08,72.09,71.51
10년06월07일,70.86,72.12,71.44
10년06월08일,71.78,72.30,71.99
10년06월09일,71.55,74.27,74.38
10년06월10일,72.91,75.29,75.48
10년06월11일,74.03,74.35,73.78
10년06월14일,74.64,75.20,75.12
10년06월15일,73.84,76.20,76.94
10년06월16일,74.89,78.14,77.67
10년06월17일,76.20,78.68,76.79
10년06월18일,76.11,78.22,77.18
10년06월21일,77.00,78.82,77.82
10년06월22일,75.76,78.04,77.21
10년06월23일,75.76,76.27,76.35
10년06월24일,73.77,76.47,76.51
10년06월25일,73.90,78.12,78.86
10년06월28일,75.70,77.59,78.25
10년06월29일,73.70,75.44,75.94
10년06월30일,73.14,75.01,75.63
10년07월01일,71.85,72.34,72.95
10년07월02일,70.52,71.65,72.14
10년07월05일,69.88,71.47,-
10년07월06일,70.06,71.45,71.98
10년07월07일,69.29,73.51,74.07
10년07월08일,72.08,74.71,75.44
10년07월09일,73.21,75.42,76.09
10년07월12일,72.68,74.37,74.95
10년07월13일,71.69,76.65,77.15
10년07월14일,74.15,76.77,77.04
10년07월15일,73.63,76.19,76.62
10년07월16일,73.41,75.37,76.01
10년07월19일,72.68,75.62,76.54
10년07월20일,73.16,76.22,77.44
10년07월21일,73.66,75.37,76.56
10년07월22일,72.43,77.82,79.30
10년07월23일,74.58,77.45,78.98
10년07월26일,73.68,77.50,78.98
10년07월27일,74.36,76.13,77.50
10년07월28일,73.18,76.06,76.99
10년07월29일,73.40,77.59,78.36
10년07월30일,73.75,78.18,78.95
10년08월02일,76.01,80.82,81.34
10년08월03일,77.22,82.68,82.55
10년08월04일,78.22,82.20,82.47
10년08월05일,78.59,81.61,82.01
10년08월06일,78.43,80.16,80.70
10년08월09일,-,80.99,81.48
10년08월10일,77.13,79.60,80.25
10년08월11일,76.22,77.64,78.02
10년08월12일,74.28,75.52,75.74
10년08월13일,73.14,75.11,75.39
10년08월16일,72.50,74.85,75.24
10년08월17일,73.04,76.93,75.77
10년08월18일,73.58,76.47,75.42
10년08월19일,74.03,75.30,74.43
10년08월20일,72.68,74.26,73.46
10년08월23일,71.65,73.62,73.10
10년08월24일,70.62,72.38,71.63
10년08월25일,70.58,73.48,72.52
10년08월26일,71.43,75.02,73.36
10년08월27일,72.08,76.65,75.17
10년08월30일,73.43,76.60,74.70
10년08월31일,72.76,74.64,71.92
10년09월01일,72.89,76.35,73.91
10년09월02일,73.81,76.93,75.02
10년09월03일,74.25,76.67,74.60
10년09월06일,74.36,76.87,-
10년09월07일,73.74,77.74,74.09
10년09월08일,74.58,78.17,74.67
10년09월09일,75.33,77.47,74.25
10년09월10일,-,78.16,76.45
10년09월13일,75.42,79.03,77.19
10년09월14일,75.89,79.16,76.80
10년09월15일,75.91,78.91,76.02
10년09월16일,76.25,78.48,74.57
10년09월17일,76.26,78.21,73.66
10년09월20일,75.43,79.32,74.86
10년09월21일,76.37,78.42,73.52
10년09월22일,75.38,77.95,74.71
10년09월23일,74.80,78.11,75.18
10년09월24일,75.07,78.87,76.49
10년09월27일,75.83,78.57,76.52
10년09월28일,74.67,78.71,76.18
10년09월29일,75.79,80.77,77.86
10년09월30일,77.24,82.31,79.97
10년10월01일,79.70,83.75,81.58
10년10월04일,80.09,83.28,81.47
10년10월05일,80.15,84.84,82.82
10년10월06일,81.58,85.06,83.23
10년10월07일,82.00,83.43,81.67
10년10월08일,79.58,84.03,82.66
10년10월11일,80.92,83.72,82.21
10년10월12일,79.79,83.50,81.67
10년10월13일,81.21,84.64,83.01
10년10월14일,81.58,84.53,82.69
10년10월15일,80.72,82.45,81.25
10년10월18일,78.65,84.37,83.08
10년10월19일,80.77,81.10,79.49
10년10월20일,78.95,83.60,81.77
10년10월21일,80.39,81.83,80.56
10년10월22일,79.06,82.96,81.69
10년10월25일,80.96,83.54,82.52
10년10월26일,79.96,83.66,82.55
10년10월27일,79.83,83.23,81.94
10년10월28일,80.23,83.59,82.18
10년10월29일,79.86,83.15,81.43
10년11월01일,80.53,84.62,82.95
10년11월02일,82.24,85.41,83.90
10년11월03일,82.90,86.38,84.69
10년11월04일,84.70,88.00,86.49
10년11월05일,-,88.11,86.85
10년11월08일,85.04,88.46,87.06
10년11월09일,85.41,88.33,86.72
10년11월10일,85.71,88.96,87.81
10년11월11일,86.57,88.81,87.81
10년11월12일,84.60,86.34,84.88
10년11월15일,84.43,86.70,84.86
10년11월16일,83.88,84.73,82.34
10년11월17일,-,83.28,80.44
10년11월18일,81.98,85.05,81.85
10년11월19일,82.94,84.34,81.51
10년11월22일,83.03,83.96,81.74
10년11월23일,81.34,83.25,81.25
10년11월24일,81.31,85.84,83.86
10년11월25일,83.30,86.10,-
10년11월26일,83.23,85.58,83.76
10년11월29일,83.99,87.34,85.73
10년11월30일,84.53,85.92,84.11
10년12월01일,84.07,88.87,86.75
10년12월02일,86.16,90.69,88.00
10년12월03일,87.00,91.42,89.19
10년12월06일,88.52,91.45,89.38
10년12월07일,88.27,91.39,88.69
10년12월08일,87.37,90.77,88.28
10년12월09일,88.80,90.99,88.37
10년12월10일,88.66,90.48,87.79
10년12월13일,88.74,91.19,88.61
10년12월14일,88.89,91.21,88.28
10년12월15일,88.26,92.20,88.62
10년12월16일,89.60,91.71,87.70
10년12월17일,89.58,91.67,88.02
10년12월20일,89.34,92.74,88.81
10년12월21일,90.62,93.20,89.82
10년12월22일,90.63,93.65,90.48
10년12월23일,90.39,94.25,91.51
10년12월24일,91.58,93.77,-
10년12월27일,-,93.85,91.00
10년12월28일,90.62,94.38,91.49
10년12월29일,90.56,94.14,91.12
10년12월30일,90.35,93.09,89.84
10년12월31일,88.80,94.75,91.38
11년01월03일,-,94.84,91.55
11년01월04일,91.59,93.53,89.38
11년01월05일,89.70,95.50,90.30
11년01월06일,92.00,94.52,88.38
11년01월07일,90.35,93.33,88.03
11년01월10일,90.32,95.70,89.25
11년01월11일,91.82,97.61,91.11
11년01월12일,94.23,98.12,91.86
11년01월13일,93.85,98.06,91.40
11년01월14일,93.23,98.68,91.54
11년01월17일,93.01,97.43,-
11년01월18일,93.29,97.80,91.38
11년01월19일,93.46,98.16,90.86
11년01월20일,93.17,96.58,88.86
11년01월21일,92.53,97.60,89.11
11년01월24일,93.21,96.61,87.87
11년01월25일,92.01,95.25,86.19
11년01월26일,91.90,97.91,87.33
11년01월27일,93.33,97.39,85.64
11년01월28일,93.44,99.42,89.34
11년01월31일,94.57,101.01,92.19
11년02월01일,95.71,101.74,90.77
11년02월02일,97.11,102.34,90.86
11년02월03일,-,101.76,90.54
11년02월04일,-,99.83,89.03
11년02월07일,96.06,99.25,87.48
11년02월08일,96.07,99.92,86.94
11년02월09일,96.83,101.82,86.71
11년02월10일,97.92,100.87,86.73
11년02월11일,97.94,101.43,85.58
11년02월14일,97.23,103.08,84.81
11년02월15일,99.29,101.64,84.32
11년02월16일,98.03,103.78,84.99
11년02월17일,99.56,102.59,86.36
11년02월18일,98.96,102.52,86.20
11년02월21일,100.36,105.74,-
11년02월22일,103.72,105.78,93.57
11년02월23일,104.33,111.25,98.10
11년02월24일,110.77,111.36,97.28
11년02월25일,107.00,112.14,97.88
11년02월28일,107.41,111.80,96.97
11년03월01일,106.44,115.42,99.63
11년03월02일,109.04,116.35,102.23
11년03월03일,109.82,114.79,101.91
11년03월04일,110.65,115.97,104.42
11년03월07일,111.18,115.04,105.44
11년03월08일,109.09,113.06,105.02
11년03월09일,108.45,115.94,104.38
11년03월10일,110.55,115.43,102.70
11년03월11일,108.30,113.84,101.16
11년03월14일,105.97,113.67,101.19
11년03월15일,105.82,108.52,97.18
11년03월16일,104.19,110.62,97.98
11년03월17일,106.10,114.90,101.42
11년03월18일,110.11,113.93,101.07
11년03월21일,108.75,114.96,102.33
11년03월22일,108.44,115.70,104.00
11년03월23일,109.65,115.55,105.75
11년03월24일,109.42,115.72,105.60
11년03월25일,109.41,115.59,105.40
11년03월28일,108.66,114.80,103.98
11년03월29일,107.92,115.16,104.79
11년03월30일,108.72,115.13,104.27
11년03월31일,109.40,117.36,106.72
11년04월01일,111.08,118.70,107.94
11년04월04일,112.70,121.06,108.47
11년04월05일,113.54,122.22,108.34
11년04월06일,115.05,122.30,108.83
11년04월07일,115.22,122.67,110.30
11년04월08일,116.86,126.65,112.79
11년04월11일,118.32,123.98,109.92
11년04월12일,116.22,120.92,106.25
11년04월13일,113.55,122.88,107.11
11년04월14일,115.71,122.36,108.11
11년04월15일,114.82,123.45,109.66
11년04월18일,115.88,121.61,107.12
11년04월19일,113.70,121.33,108.15
11년04월20일,115.60,123.85,111.45
11년04월21일,117.31,123.99,112.29
11년04월25일,117.57,123.66,112.28
11년04월26일,117.04,124.14,112.21
11년04월27일,117.40,125.13,112.76
11년04월28일,119.23,125.02,112.86
11년04월29일,118.35,125.89,113.93
11년05월02일,-,125.12,113.52
11년05월03일,117.90,122.45,111.05
11년05월04일,114.44,121.19,109.24
11년05월05일,114.40,110.80,99.80
11년05월06일,100.48,109.13,97.18
11년05월09일,105.70,115.90,102.55
11년05월10일,109.25,117.63,103.88
11년05월11일,110.92,112.57,98.21
11년05월12일,105.11,112.98,98.97
11년05월13일,107.74,113.83,99.65
11년05월16일,106.09,112.73,97.37
11년05월17일,-,109.99,96.91
11년05월18일,105.44,112.30,100.10
11년05월19일,106.44,111.42,98.44
11년05월20일,106.21,112.39,99.49
11년05월23일,104.01,110.10,97.70
11년05월24일,105.49,112.53,99.59
11년05월25일,105.48,114.93,101.32
11년05월26일,108.65,115.05,100.23
11년05월27일,109.16,115.03,100.59
11년05월30일,108.16,114.68,-
11년05월31일,109.66,116.73,102.70
11년06월01일,110.13,114.53,100.29
11년06월02일,107.83,115.54,100.40
11년06월03일,108.21,115.84,100.22
11년06월06일,108.15,114.48,99.01
11년06월07일,108.22,116.78,99.09
11년06월08일,109.41,117.85,100.74
11년06월09일,111.18,119.57,101.93
11년06월10일,112.04,118.78,99.29
11년06월13일,111.41,119.10,97.30
11년06월14일,111.49,120.16,99.37
11년06월15일,111.80,117.10,94.81
11년06월16일,108.25,114.02,94.95
11년06월17일,105.43,113.21,93.01
11년06월20일,105.89,111.69,93.26
11년06월21일,106.87,110.95,93.40
11년06월22일,105.60,114.21,95.41
11년06월23일,106.14,107.26,91.02
11년06월24일,101.54,105.12,91.16
11년06월27일,101.07,105.99,90.61
11년06월28일,102.95,108.78,92.89
11년06월29일,104.74,112.40,94.77
11년06월30일,106.75,112.48,95.42
11년07월01일,105.57,111.77,94.94
11년07월04일,106.15,111.39,-
11년07월05일,105.10,113.61,96.89
11년07월06일,106.52,113.62,96.65
11년07월07일,108.47,118.59,98.67
11년07월08일,111.89,118.33,96.20
11년07월11일,110.32,117.24,95.15
11년07월12일,109.01,117.75,97.43
11년07월13일,111.55,118.78,98.05
11년07월14일,110.82,118.32,95.69
11년07월15일,109.80,117.26,97.24
11년07월18일,110.89,116.05,95.93
11년07월19일,111.07,117.06,97.50
11년07월20일,112.10,118.15,98.14
11년07월21일,111.50,117.51,99.13
11년07월22일,112.34,118.67,99.87
11년07월25일,112.09,117.94,99.20
11년07월26일,112.31,118.28,99.59
11년07월27일,112.27,117.43,97.40
11년07월28일,112.28,117.36,97.44
11년07월29일,111.10,116.74,95.70
11년08월01일,113.21,116.81,94.89
11년08월02일,109.98,116.46,93.79
11년08월03일,109.59,113.23,91.93
11년08월04일,107.23,107.25,86.63
11년08월05일,101.05,109.37,86.88
11년08월08일,101.76,103.74,81.31
11년08월09일,-,102.57,79.30
11년08월10일,100.03,106.68,82.89
11년08월11일,102.11,108.02,85.72
11년08월12일,102.28,108.03,85.38
11년08월15일,103.12,109.91,87.88
11년08월16일,103.42,109.47,86.65
11년08월17일,104.79,110.60,87.58
11년08월18일,105.04,106.99,82.38
11년08월19일,100.98,108.62,82.26
11년08월22일,101.96,108.36,84.12
11년08월23일,104.58,109.31,85.44
11년08월24일,104.73,110.15,85.16
11년08월25일,106.54,110.62,85.30
11년08월26일,105.98,111.36,85.37
11년08월29일,106.85,111.88,87.27
11년08월30일,-,114.02,88.90
11년08월31일,109.73,114.85,88.81
11년09월01일,109.34,114.29,88.93
11년09월02일,108.93,112.33,86.45
11년09월05일,106.77,110.08,-
11년09월06일,105.83,112.89,86.02
11년09월07일,108.73,115.80,89.34
11년09월08일,110.08,114.55,89.05
11년09월09일,109.15,112.77,87.24
11년09월12일,105.24,112.25,88.19
11년09월13일,106.32,111.89,90.21
11년09월14일,105.68,112.40,88.91
11년09월15일,105.40,115.34,89.40
11년09월16일,108.20,112.22,87.96
11년09월19일,107.83,109.14,85.70
11년09월20일,106.10,110.54,86.89
11년09월21일,107.11,110.36,85.92
11년09월22일,104.38,105.49,80.51
11년09월23일,103.18,103.97,79.85
11년09월26일,99.74,103.94,80.24
11년09월27일,102.61,107.14,84.45
11년09월28일,103.49,103.81,81.21
11년09월29일,101.68,103.95,82.14
11년09월30일,100.61,102.76,79.20
11년10월03일,97.41,101.71,77.61
11년10월04일,96.76,99.79,75.67
11년10월05일,97.08,102.73,79.68
11년10월06일,98.67,105.73,82.59
11년10월07일,100.35,105.88,82.98
11년10월10일,101.31,108.95,85.41
11년10월11일,102.23,110.73,85.81
11년10월12일,104.71,111.36,85.57
11년10월13일,103.94,111.11,84.23
11년10월14일,105.25,114.68,86.80
11년10월17일,107.37,110.16,86.38
11년10월18일,105.22,111.15,88.34
11년10월19일,105.53,108.39,86.11
11년10월20일,105.38,109.76,85.30
11년10월21일,105.56,109.56,87.40
11년10월24일,107.08,111.45,91.27
11년10월25일,106.98,110.92,93.17
11년10월26일,-,108.91,90.20
11년10월27일,106.97,112.08,93.96
11년10월28일,107.13,109.91,93.32
11년10월31일,105.80,109.56,93.19
11년11월01일,103.65,109.54,92.19
11년11월02일,106.24,109.34,92.51
11년11월03일,104.31,110.83,94.07
11년11월04일,107.00,111.97,94.26
11년11월07일,-,114.56,95.52
11년11월08일,111.26,115.00,96.80
11년11월09일,110.52,112.31,95.74
11년11월10일,108.48,113.71,97.78
11년11월11일,110.32,114.16,98.99
11년11월14일,110.70,111.89,98.14
11년11월15일,109.53,112.39,99.37
11년11월16일,110.59,111.88,102.59
11년11월17일,109.72,108.22,98.82
11년11월18일,107.67,107.56,97.41
11년11월21일,106.21,106.88,96.92
11년11월22일,106.67,109.03,98.01
11년11월23일,107.39,107.02,96.17
11년11월24일,106.80,107.78,-
11년11월25일,106.32,106.40,96.77
11년11월28일,107.18,109.00,98.21
11년11월29일,107.35,110.82,99.79
11년11월30일,108.26,110.52,100.36
11년12월01일,107.39,108.99,100.20
11년12월02일,107.56,109.94,100.96
11년12월05일,108.80,109.81,100.99
11년12월06일,107.31,110.81,101.28
11년12월07일,108.86,109.53,100.49
11년12월08일,107.97,108.11,98.34
11년12월09일,105.62,108.62,99.41
11년12월12일,105.87,107.26,97.77
11년12월13일,105.51,109.50,100.14
11년12월14일,106.57,105.02,94.95
11년12월15일,102.99,105.09,93.87
11년12월16일,101.98,103.35,93.53
11년12월19일,100.96,103.64,93.88
11년12월20일,102.25,106.73,97.22
11년12월21일,104.71,107.71,98.67
11년12월22일,105.27,107.89,99.53
11년12월23일,105.48,107.96,99.68
11년12월27일,105.33,109.27,101.34
11년12월28일,105.77,107.56,99.36
11년12월29일,104.61,108.01,99.65
11년12월30일,104.89,107.38,98.83
12년01월03일,105.91,112.13,102.96
12년01월04일,108.49,113.70,103.22
12년01월05일,110.23,112.74,101.81
12년01월06일,109.92,113.06,101.56
12년01월09일,110.50,112.45,101.31
12년01월10일,110.39,113.28,102.24
12년01월11일,110.95,112.24,100.87
12년01월12일,110.69,111.26,99.10
12년01월13일,109.84,110.44,98.70
12년01월16일,109.46,111.20,-
12년01월17일,110.29,111.53,100.71
12년01월18일,109.61,110.66,100.59
12년01월19일,109.47,111.55,100.39
12년01월20일,109.50,109.86,98.46
12년01월23일,-,110.58,99.58
12년01월24일,-,110.03,98.95
12년01월25일,108.29,109.81,99.40
12년01월26일,108.78,110.79,99.70
12년01월27일,109.14,111.46,99.56
12년01월30일,109.75,110.75,98.78
12년01월31일,109.59,110.98,98.48
12년02월01일,109.14,111.56,97.61
12년02월02일,109.67,112.07,96.36
12년02월03일,109.90,114.58,97.84
12년02월06일,111.70,115.93,96.91
12년02월07일,113.25,116.23,98.41
12년02월08일,113.85,117.20,98.71
12년02월09일,114.53,118.59,99.84
12년02월10일,115.22,117.31,98.67
12년02월13일,115.91,117.93,100.91
12년02월14일,115.25,118.16,100.74
12년02월15일,116.43,118.93,101.80
12년02월16일,116.23,120.11,102.31
12년02월17일,117.45,119.58,103.24
12년02월20일,117.98,120.05,-
12년02월21일,117.69,121.66,105.84
12년02월22일,119.42,122.90,106.28
12년02월23일,120.22,123.62,107.83
12년02월24일,121.57,125.47,109.77
12년02월27일,122.56,124.17,108.56
12년02월28일,121.81,121.55,106.55
12년02월29일,120.02,122.66,107.07
12년03월01일,119.64,126.20,108.84
12년03월02일,122.25,123.65,106.70
12년03월05일,121.09,123.80,106.72
12년03월06일,121.65,121.98,104.70
12년03월07일,120.75,124.12,106.16
12년03월08일,123.29,125.44,106.58
12년03월09일,123.62,125.98,107.40
12년03월12일,123.67,125.34,106.34
12년03월13일,124.21,126.22,106.71
12년03월14일,124.22,124.97,105.43
12년03월15일,123.64,123.55,105.11
12년03월16일,122.23,125.81,107.06
12년03월19일,123.94,125.71,108.09
12년03월20일,123.17,124.12,105.61
12년03월21일,123.09,124.20,107.27
12년03월22일,121.99,123.14,105.35
12년03월23일,122.18,125.13,106.87
12년03월26일,122.91,125.65,107.03
12년03월27일,123.16,125.54,107.33
12년03월28일,122.07,124.16,105.41
12년03월29일,121.57,122.39,102.78
12년03월30일,120.38,122.88,103.02
12년04월02일,119.97,125.43,105.23
12년04월03일,121.97,124.86,104.01
12년04월04일,122.00,122.34,101.47
12년04월05일,120.74,123.43,103.31
12년04월09일,119.69,122.67,102.46
12년04월10일,119.17,119.88,101.02
12년04월11일,116.77,120.18,102.70
12년04월12일,117.56,121.71,103.64
12년04월13일,118.38,121.83,102.83
12년04월16일,116.23,118.68,102.93
12년04월17일,115.18,118.78,104.20
12년04월18일,115.58,117.97,102.67
12년04월19일,115.40,118.00,102.27
12년04월20일,115.45,118.76,103.05
12년04월23일,114.57,118.71,103.11
12년04월24일,114.41,118.16,103.55
12년04월25일,115.18,119.12,104.12
12년04월26일,115.82,119.92,104.55
12년04월27일,116.32,119.83,104.93
12년04월30일,116.38,119.47,104.87
12년05월01일,-,119.66,106.16
12년05월02일,116.59,118.20,105.22
12년05월03일,115.55,116.08,102.54
12년05월04일,112.92,113.18,98.49
12년05월07일,109.24,113.16,97.94
12년05월08일,108.97,112.73,97.01
12년05월09일,108.93,113.20,96.81
12년05월10일,109.38,112.73,97.08
12년05월11일,108.41,112.26,96.13
12년05월14일,107.94,111.57,94.78
12년05월15일,108.63,112.24,93.98
12년05월16일,107.76,111.71,92.81
12년05월17일,107.16,107.49,92.56
12년05월18일,104.48,107.14,91.48
12년05월21일,105.13,108.81,92.57
12년05월22일,105.50,108.41,91.66
12년05월23일,103.69,105.56,89.90
12년05월24일,102.24,106.55,90.66
12년05월25일,103.84,106.83,90.86
12년05월28일,104.71,107.11,-
12년05월29일,105.01,106.68,90.76
12년05월30일,103.39,103.47,87.82
12년05월31일,101.59,101.87,86.53
12년06월01일,98.43,98.43,83.23
12년06월04일,95.16,98.85,83.98
12년06월05일,95.99,98.84,84.29
12년06월06일,97.14,100.64,85.02
12년06월07일,97.49,99.93,84.82
12년06월08일,96.51,99.47,84.10
12년06월11일,98.66,98.00,82.70
12년06월12일,95.41,97.14,83.32
12년06월13일,93.84,97.13,82.62
12년06월14일,95.59,97.03,83.91
12년06월15일,96.66,97.61,84.03
12년06월18일,96.47,96.05,83.27
12년06월19일,93.85,95.76,84.03
12년06월20일,94.27,92.69,81.80
12년06월21일,90.67,89.23,78.20
12년06월22일,89.15,90.98,79.76
12년06월25일,89.81,91.01,79.21
12년06월26일,91.01,93.02,79.36
12년06월27일,91.24,93.50,80.21
12년06월28일,91.77,91.36,77.69
12년06월29일,92.89,97.80,84.96
12년07월02일,93.72,97.34,83.75
12년07월03일,95.29,100.68,87.66
12년07월04일,97.17,99.77,-
12년07월05일,97.96,100.70,87.22
12년07월06일,97.59,98.19,84.45
12년07월09일,96.76,100.32,85.99
12년07월10일,96.41,97.97,83.91
12년07월11일,96.44,100.23,85.81
12년07월12일,97.04,101.07,86.08
12년07월13일,97.68,102.40,87.10
12년07월16일,98.84,103.55,88.43
12년07월17일,100.86,104.00,89.22
12년07월18일,100.89,105.16,89.87
12년07월19일,102.71,107.80,92.66
12년07월20일,103.39,106.83,91.44
12년07월23일,99.62,103.26,88.14
12년07월24일,100.39,103.42,88.50
12년07월25일,100.28,104.38,88.97
12년07월26일,100.49,105.26,89.39
12년07월27일,102.06,106.47,90.13
12년07월30일,102.38,106.20,89.78
12년07월31일,101.90,104.92,88.06
12년08월01일,101.04,105.96,88.91
12년08월02일,101.73,105.90,87.13
12년08월03일,102.45,108.94,91.40
12년08월06일,104.54,109.55,92.20
12년08월07일,106.01,112.00,93.67
12년08월08일,106.87,112.14,93.35
12년08월09일,-,113.22,93.36
12년08월10일,108.22,112.95,92.87
12년08월13일,108.63,113.60,92.73
12년08월14일,109.32,114.03,93.43
12년08월15일,109.29,116.25,94.33
12년08월16일,111.23,116.90,95.60
12년08월17일,111.03,113.71,96.01
12년08월20일,-,113.70,95.97
12년08월21일,111.61,114.64,96.68
12년08월22일,111.59,114.91,97.26
12년08월23일,113.21,115.01,96.27
12년08월24일,111.54,113.59,96.15
12년08월27일,111.82,112.26,95.47
12년08월28일,110.02,112.58,96.33
12년08월29일,109.49,112.54,95.49
12년08월30일,110.24,112.65,94.62
12년08월31일,110.33,114.57,96.47
12년09월03일,111.79,115.78,-
12년09월04일,113.29,114.18,95.30
12년09월05일,111.64,113.09,95.36
12년09월06일,112.09,113.49,95.53
12년09월07일,111.84,114.25,96.42
12년09월10일,112.89,114.81,96.54
12년09월11일,113.11,115.40,97.17
12년09월12일,113.93,115.96,97.01
12년09월13일,113.69,116.90,98.31
12년09월14일,115.41,116.66,99.00
12년09월17일,114.76,113.79,96.62
12년09월18일,111.76,112.03,95.29
12년09월19일,110.79,108.19,91.98
12년09월20일,105.64,110.03,91.87
12년09월21일,108.18,111.42,92.89
12년09월24일,108.17,109.81,91.93
12년09월25일,108.61,110.45,91.37
12년09월26일,107.64,110.04,89.98
12년09월27일,108.09,112.01,91.85
12년09월28일,110.56,112.39,92.19
12년10월01일,109.35,112.19,92.48
12년10월02일,109.59,111.57,91.89
12년10월03일,108.28,108.17,88.14
12년10월04일,106.33,112.58,91.71
12년10월05일,109.10,112.02,89.88
12년10월08일,107.73,111.82,89.33
12년10월09일,108.98,114.50,92.39
12년10월10일,110.57,114.33,91.25
12년10월11일,111.16,115.71,92.07
12년10월12일,111.30,114.62,91.86
12년10월15일,110.78,115.80,91.85
12년10월16일,111.61,115.07,92.09
12년10월17일,112.03,113.22,92.12
12년10월18일,111.40,112.42,92.10
12년10월19일,110.21,110.14,90.05
12년10월22일,108.18,109.44,88.73
12년10월23일,107.11,108.25,86.67
12년10월24일,106.60,107.85,85.73
12년10월25일,106.76,108.49,86.05
12년10월26일,-,109.55,86.28
12년10월29일,106.42,109.44,85.54
12년10월30일,106.85,109.08,85.68
12년10월31일,106.91,108.70,86.24
12년11월01일,106.81,108.17,87.09
12년11월02일,106.03,105.68,84.86
12년11월05일,103.41,107.73,85.65
12년11월06일,105.13,111.07,88.71
12년11월07일,108.29,106.82,84.44
12년11월08일,104.75,107.25,85.09
12년11월09일,104.81,109.40,86.07
12년11월12일,106.43,109.07,85.57
12년11월13일,-,108.26,85.38
12년11월14일,105.89,109.61,86.32
12년11월15일,107.32,110.98,85.45
12년11월16일,107.23,108.95,86.67
12년11월19일,108.41,111.70,89.28
12년11월20일,109.51,109.83,86.75
12년11월21일,108.54,110.86,87.38
12년11월22일,108.74,110.55,-
12년11월23일,108.73,111.38,88.28
12년11월26일,109.41,110.92,87.74
12년11월27일,109.06,109.87,87.18
12년11월28일,108.22,109.51,86.49
12년11월29일,107.24,110.76,88.07
12년11월30일,108.98,111.23,88.91
12년12월03일,108.44,110.92,89.09
12년12월04일,107.89,109.84,88.50
12년12월05일,107.47,108.81,87.88
12년12월06일,106.06,107.03,86.26
12년12월07일,104.68,107.02,85.93
12년12월10일,104.59,107.33,85.56
12년12월11일,104.24,108.01,85.79
12년12월12일,104.85,109.50,86.77
12년12월13일,105.66,107.91,85.89
12년12월14일,105.10,-,-
12년12월17일,105.86,107.64,87.20
12년12월18일,105.78,108.84,87.93
12년12월19일,106.31,110.36,89.51
12년12월20일,106.58,110.20,90.13
12년12월21일,106.78,108.97,88.66
12년12월24일,106.06,108.80,88.61
12년12월26일,106.80,111.07,90.98
12년12월27일,108.08,110.80,90.87
12년12월28일,107.99,110.62,90.80
12년12월31일,107.81,-,-
13년01월02일,107.61,112.47,93.12
13년01월03일,107.72,112.14,92.92
13년01월04일,107.46,111.31,93.09
13년01월07일,106.66,111.40,93.19
13년01월08일,107.29,111.94,93.15
13년01월09일,108.00,111.76,93.10
13년01월10일,108.09,111.89,93.82
13년01월11일,-,110.64,93.56
13년01월14일,106.93,111.88,94.14
13년01월15일,107.44,110.30,93.28
13년01월16일,106.59,110.61,94.24
13년01월17일,106.47,111.10,95.49
13년01월18일,107.01,111.89,95.56
13년01월21일,107.95,111.71,-
13년01월22일,107.86,112.42,96.24
13년01월23일,108.09,112.80,95.23
13년01월24일,108.28,113.28,95.95
13년01월25일,109.13,113.28,95.88
13년01월28일,108.86,113.48,96.44
13년01월29일,108.68,114.36,97.57
13년01월30일,109.62,114.90,97.94
13년01월31일,110.80,115.55,97.49
13년02월01일,110.46,116.76,97.77
13년02월04일,111.67,115.60,96.17
13년02월05일,110.58,116.52,96.64
13년02월06일,111.60,116.73,96.62
13년02월07일,112.36,117.24,95.83
13년02월08일,112.64,118.90,95.72
13년02월11일,-,118.13,97.03
13년02월12일,-,118.66,97.51
13년02월13일,113.62,118.72,97.01
13년02월14일,113.28,118.00,97.31
13년02월15일,113.10,117.66,95.86
13년02월18일,113.04,117.38,-
13년02월19일,111.99,117.52,96.66
13년02월20일,112.25,115.60,94.46
13년02월21일,109.79,113.53,92.84
13년02월22일,109.53,114.10,93.13
13년02월25일,109.83,114.44,93.11
13년02월26일,108.80,112.71,92.63
13년02월27일,108.42,111.87,92.76
13년02월28일,106.76,-,-
13년03월01일,105.63,110.40,90.68
13년03월04일,104.81,110.09,90.12
13년03월05일,105.66,111.61,90.82
13년03월06일,106.84,111.06,90.43
13년03월07일,106.21,111.15,91.56
13년03월08일,106.56,110.85,91.95
13년03월11일,106.44,110.22,92.06
13년03월12일,105.49,109.65,92.54
13년03월13일,105.48,108.52,92.52
13년03월14일,104.57,109.42,93.03
13년03월15일,105.07,109.82,93.45
13년03월18일,105.04,109.51,93.74
13년03월19일,105.86,107.45,92.16
13년03월20일,104.78,108.72,92.96
13년03월21일,105.09,107.47,92.45
13년03월22일,104.13,107.66,93.71
13년03월25일,105.06,108.17,94.81
13년03월26일,105.15,109.36,96.34
13년03월27일,106.23,109.69,96.58
13년03월28일,107.07,110.02,97.23
13년04월01일,107.21,111.08,97.07
13년04월02일,108.41,110.69,97.19
13년04월03일,107.96,107.11,94.45
13년04월04일,105.14,106.34,93.26
13년04월05일,104.19,104.12,92.70
13년04월08일,103.13,104.66,93.36
13년04월09일,103.06,106.23,94.20
13년04월10일,103.73,105.79,94.64
13년04월11일,103.04,104.27,93.51
13년04월12일,101.64,103.11,91.29
13년04월15일,99.28,100.39,88.71
13년04월16일,97.81,99.91,88.72
13년04월17일,98.10,97.69,86.68
13년04월18일,96.71,99.13,87.73
13년04월19일,98.09,99.65,88.01
13년04월22일,98.31,100.39,88.76
13년04월23일,98.16,100.31,89.18
13년04월24일,99.59,101.73,91.43
13년04월25일,100.18,103.41,93.64
13년04월26일,101.07,103.16,93.00
13년04월29일,101.11,103.81,94.50
13년04월30일,101.28,102.37,93.46
13년05월01일,-,99.95,91.03
13년05월02일,97.87,102.85,93.99
13년05월03일,99.82,104.19,95.61
13년05월06일,101.96,-,-
13년05월07일,102.13,-,-
13년05월08일,101.69,104.34,96.62
13년05월09일,101.25,104.47,96.39
13년05월10일,101.43,103.91,96.04
13년05월13일,100.30,102.82,95.17
13년05월14일,100.00,102.60,94.21
13년05월15일,99.24,103.68,94.30
13년05월16일,100.08,103.80,95.16
13년05월17일,100.86,104.64,96.02
13년05월20일,101.56,104.80,96.71
13년05월21일,101.41,103.91,96.16
13년05월22일,100.39,102.60,94.28
13년05월23일,98.68,102.44,94.25
13년05월24일,-,102.64,94.15
13년05월27일,99.43,102.62,-
13년05월28일,100.38,104.23,95.01
13년05월29일,100.64,102.43,93.13
13년05월30일,99.14,102.19,93.61
13년05월31일,98.80,100.39,91.97
13년06월03일,97.64,102.06,93.45
13년06월04일,98.81,103.24,93.31
13년06월05일,100.14,103.04,93.74
13년06월06일,100.02,103.61,94.76
13년06월07일,100.40,104.56,96.03
13년06월10일,100.60,103.95,95.77
13년06월11일,100.27,102.96,95.38
13년06월12일,99.92,103.49,95.88
13년06월13일,99.94,104.25,96.69
13년06월14일,102.14,105.93,97.85
13년06월17일,103.28,105.47,97.77
13년06월18일,102.14,106.02,98.44
13년06월19일,103.09,106.12,98.24
13년06월20일,101.27,102.15,95.40
13년06월21일,99.79,100.91,93.69
13년06월24일,97.34,101.16,95.18
13년06월25일,98.83,101.26,95.32
13년06월26일,98.62,101.66,95.50
13년06월27일,98.82,102.82,97.05
13년06월28일,100.38,102.16,96.56
13년07월01일,99.22,103.00,97.99
13년07월02일,99.67,104.00,99.60
13년07월03일,101.25,105.76,101.24
13년07월04일,101.67,105.54,-
13년07월05일,101.95,107.72,103.22
13년07월08일,103.14,107.43,103.14
13년07월09일,103.30,107.81,103.53
13년07월10일,103.74,108.51,106.52
13년07월11일,104.11,107.73,104.91
13년07월12일,103.47,108.81,104.91
13년07월15일,104.15,109.09,106.32
13년07월16일,104.33,109.40,106.00
13년07월17일,103.89,108.61,106.48
13년07월18일,104.94,108.70,108.04
13년07월19일,105.39,108.07,108.05
13년07월22일,105.34,108.15,106.91
13년07월23일,104.83,108.42,107.23
13년07월24일,104.94,107.19,105.39
13년07월25일,104.51,107.65,105.49
13년07월26일,104.52,107.17,104.70
13년07월29일,104.38,107.45,104.55
13년07월30일,104.68,106.91,103.08
13년07월31일,104.29,107.70,105.03
13년08월01일,104.89,109.54,107.89
13년08월02일,105.86,108.95,106.94
13년08월05일,105.28,108.70,106.56
13년08월06일,104.46,108.18,105.30
13년08월07일,103.79,107.44,104.37
13년08월08일,-,106.68,103.40
13년08월09일,-,108.22,105.97
13년08월12일,103.95,108.97,106.11
13년08월13일,105.71,109.82,106.83
13년08월14일,105.46,110.20,106.85
13년08월15일,106.99,111.11,107.33
13년08월16일,106.67,110.40,107.46
13년08월19일,107.40,109.90,107.10
13년08월20일,106.38,110.15,104.96
13년08월21일,106.72,109.81,103.85
13년08월22일,107.61,109.90,105.03
13년08월23일,107.76,111.04,106.42
13년08월26일,108.18,110.73,105.92
13년08월27일,107.76,114.36,109.01
13년08월28일,111.65,116.61,110.10
13년08월29일,112.99,115.16,108.80
13년08월30일,111.78,114.01,107.65
13년09월02일,109.10,114.33,-
13년09월03일,109.81,115.68,108.54
13년09월04일,110.52,114.91,107.23
13년09월05일,110.14,115.26,108.37
13년09월06일,110.31,116.12,110.53
13년09월09일,110.76,113.72,109.52
13년09월10일,109.18,111.25,107.39
13년09월11일,108.62,111.50,107.56
13년09월12일,109.19,112.63,108.60
13년09월13일,109.51,112.78,108.21
13년09월16일,109.26,110.07,106.59
13년09월17일,107.91,108.19,105.42
13년09월18일,106.69,110.60,108.07
13년09월19일,108.80,108.76,106.39
13년09월20일,107.48,109.22,104.67
13년09월23일,105.74,108.16,103.59
13년09월24일,104.71,108.64,103.13
13년09월25일,105.36,108.32,102.66
13년09월26일,104.85,109.21,103.03
13년09월27일,105.11,108.63,102.87
13년09월30일,103.58,108.37,102.33
13년10월01일,103.41,107.94,102.04
13년10월02일,103.54,109.19,104.10
13년10월03일,104.85,109.00,103.31
13년10월04일,104.99,109.46,103.84
13년10월07일,104.30,109.68,103.03
13년10월08일,105.56,110.16,103.49
13년10월09일,105.82,109.06,101.61
13년10월10일,105.88,111.80,103.01
13년10월11일,107.08,111.28,102.02
13년10월14일,107.56,111.04,102.41
13년10월15일,-,109.96,101.21
13년10월16일,106.49,110.86,102.29
13년10월17일,106.74,109.11,100.67
13년10월18일,105.82,109.94,100.81
13년10월21일,105.30,109.64,99.22
13년10월22일,106.59,109.97,97.80
13년10월23일,106.15,107.80,96.86
13년10월24일,105.18,106.99,97.11
13년10월25일,104.47,106.93,97.85
13년10월28일,104.76,109.61,98.68
13년10월29일,105.93,109.01,98.20
13년10월30일,105.78,109.86,96.77
13년10월31일,106.50,108.84,96.38
13년11월01일,105.85,105.91,94.61
13년11월04일,103.99,106.23,94.62
13년11월05일,104.91,105.33,93.37
13년11월06일,104.62,105.24,94.80
13년11월07일,102.46,103.46,94.20
13년11월08일,102.43,105.12,94.60
13년11월11일,103.03,106.40,95.14
13년11월12일,103.46,105.81,93.04
13년11월13일,103.14,107.12,93.88
13년11월14일,104.47,108.54,93.76
13년11월15일,105.06,108.50,93.84
13년11월18일,106.09,108.47,93.03
13년11월19일,106.06,106.92,93.34
13년11월20일,105.14,108.06,93.33
13년11월21일,105.77,110.08,95.44
13년11월22일,107.44,111.05,94.84
13년11월25일,106.77,111.00,94.09
13년11월26일,108.56,110.88,93.68
13년11월27일,108.67,111.31,92.30
13년11월28일,108.78,110.86,-
13년11월29일,108.68,109.69,92.72
13년12월02일,107.34,111.45,93.82
13년12월03일,108.26,112.62,96.04
13년12월04일,108.95,111.88,97.20
13년12월05일,108.34,110.98,97.38
13년12월06일,108.17,111.61,97.65
13년12월09일,107.93,109.39,97.34
13년12월10일,106.53,109.38,98.51
13년12월11일,106.42,109.70,97.44
13년12월12일,106.94,108.67,97.50
13년12월13일,105.71,108.83,96.60
13년12월16일,106.13,110.47,97.48
13년12월17일,105.93,108.44,97.22
13년12월18일,105.65,109.63,97.80
13년12월19일,106.34,110.29,98.77
13년12월20일,107.09,111.77,99.32
13년12월23일,108.48,111.56,98.91
13년12월24일,108.47,111.90,99.22
13년12월26일,108.50,111.98,99.55
13년12월27일,108.86,112.18,100.32
13년12월30일,108.77,111.21,99.29
13년12월31일,107.88,110.80,98.42
14년01월02일,107.79,107.78,95.44
14년01월03일,105.22,106.89,93.96
14년01월06일,104.29,106.73,93.43
14년01월07일,104.11,107.35,93.67
14년01월08일,104.14,107.15,92.33
14년01월09일,104.06,106.39,91.66
14년01월10일,103.99,107.25,92.72
14년01월13일,103.51,106.75,91.80
14년01월14일,103.21,106.39,92.59
14년01월15일,102.61,107.13,94.17
14년01월16일,103.01,107.09,93.96
14년01월17일,102.81,106.48,94.37
14년01월20일,103.28,106.35,-
14년01월21일,103.73,106.73,94.99
14년01월22일,103.94,108.27,96.73
14년01월23일,104.63,107.58,97.32
14년01월24일,104.13,107.88,96.64
14년01월27일,104.29,106.69,95.72
14년01월28일,103.82,107.41,97.41
14년01월29일,103.78,107.85,97.36
14년01월30일,103.77,107.95,98.23
14년01월31일,-,106.40,97.49
14년02월03일,102.26,106.04,96.43
14년02월04일,101.98,105.78,97.19
14년02월05일,102.19,106.25,97.38
14년02월06일,102.58,107.19,97.84
14년02월07일,103.35,109.57,99.88
14년02월10일,105.13,108.63,100.06
14년02월11일,104.98,108.68,99.94
14년02월12일,105.19,108.79,100.37
14년02월13일,104.81,108.73,100.35
14년02월14일,105.08,109.08,100.30
14년02월17일,106.25,109.18,-
14년02월18일,106.73,110.46,102.43
14년02월19일,106.84,110.47,103.31
14년02월20일,106.52,110.30,102.92
14년02월21일,106.57,109.85,102.20
14년02월24일,106.26,110.64,102.82
14년02월25일,106.34,109.51,101.83
14년02월26일,105.65,109.52,102.59
14년02월27일,105.55,108.96,102.40
14년02월28일,105.39,109.07,102.59
14년03월03일,107.25,111.20,104.92
14년03월04일,106.06,109.30,103.33
14년03월05일,105.34,107.76,101.45
14년03월06일,103.94,108.10,101.56
14년03월07일,104.31,109.00,102.58
14년03월10일,104.26,108.08,101.12
14년03월11일,104.21,108.55,100.03
14년03월12일,103.79,108.02,97.99
14년03월13일,104.14,107.39,98.20
14년03월14일,103.96,108.57,98.89
14년03월17일,104.66,106.24,98.08
14년03월18일,103.46,106.79,99.70
14년03월19일,103.40,105.85,100.37
14년03월20일,103.47,106.45,99.43
14년03월21일,104.20,106.92,99.46
14년03월24일,103.66,106.81,99.60
14년03월25일,104.01,106.99,99.19
14년03월26일,104.29,107.03,100.26
14년03월27일,104.04,107.83,101.28
14년03월28일,104.58,-,101.67
14년03월31일,104.44,107.76,101.58
14년04월01일,104.11,105.62,99.74
14년04월02일,102.44,104.79,99.62
14년04월03일,101.29,106.15,100.29
14년04월04일,103.04,106.72,101.14
14년04월07일,102.36,105.82,100.44
14년04월08일,103.16,107.67,102.56
14년04월09일,104.09,107.98,103.60
14년04월10일,104.56,107.46,103.40
14년04월11일,104.13,107.33,103.74
14년04월14일,105.16,109.07,104.05
14년04월15일,105.36,108.74,103.75
14년04월16일,106.40,109.60,103.76
14년04월17일,105.84,109.53,104.30
14년04월21일,105.76,109.95,104.37
14년04월22일,106.31,109.27,102.13
14년04월23일,105.87,109.11,101.44
14년04월24일,105.74,110.33,101.94
14년04월25일,106.38,109.58,100.60
14년04월28일,106.02,108.12,100.84
14년04월29일,104.78,108.98,101.28
14년04월30일,104.49,108.07,99.74
14년05월01일,-,107.76,99.42
14년05월02일,104.39,108.59,99.76
14년05월05일,104.75,107.72,99.48
14년05월06일,103.91,107.06,99.50
14년05월07일,103.59,108.13,100.77
14년05월08일,104.09,108.04,100.26
14년05월09일,104.99,107.89,99.99
14년05월12일,104.46,108.41,100.59
14년05월13일,-,109.24,101.70
14년05월14일,105.67,110.19,102.37
14년05월15일,105.78,110.44,101.50
14년05월16일,105.07,109.75,102.02
14년05월19일,106.56,109.37,102.61
14년05월20일,106.12,109.69,102.44
14년05월21일,106.59,110.55,104.07
14년05월22일,106.94,110.36,103.74
14년05월23일,106.84,110.54,104.35
14년05월26일,106.66,110.32,-
14년05월27일,106.81,110.02,104.11
14년05월28일,106.59,109.81,102.72
14년05월29일,106.33,109.97,103.58
14년05월30일,106.28,109.41,102.71
14년06월02일,105.60,108.83,102.47
14년06월03일,104.85,108.82,102.66
14년06월04일,105.31,108.40,102.64
14년06월05일,104.28,108.79,102.48
14년06월06일,105.31,108.61,102.66
14년06월09일,105.14,109.99,104.41
14년06월10일,105.16,109.52,104.35
14년06월11일,105.37,109.95,104.40
14년06월12일,106.96,113.02,106.53
14년06월13일,109.51,113.41,106.91
14년06월16일,109.27,112.94,106.90
14년06월17일,108.76,113.45,106.36
14년06월18일,109.94,114.26,105.97
14년06월19일,110.46,115.06,106.43
14년06월20일,110.74,114.81,107.26
14년06월23일,111.23,114.12,106.17
14년06월24일,109.76,114.46,106.03
14년06월25일,110.05,114.00,106.50
14년06월26일,109.89,113.21,105.84
14년06월27일,109.68,113.30,105.74
14년06월30일,109.29,112.36,105.37
14년07월01일,109.18,112.29,105.34
14년07월02일,109.16,111.24,104.48
14년07월03일,107.72,111.00,104.06
14년07월04일,107.95,110.64,-
14년07월07일,107.15,110.24,103.53
14년07월08일,106.94,108.94,103.40
14년07월09일,106.11,108.28,102.29
14년07월10일,105.67,108.67,102.93
14년07월11일,106.03,106.66,100.83
14년07월14일,104.76,106.98,100.91
14년07월15일,104.49,106.02,99.96
14년07월16일,105.06,105.85,101.20
14년07월17일,104.96,107.89,103.19
14년07월18일,105.71,107.24,103.13
14년07월21일,105.17,107.68,104.59
14년07월22일,105.53,107.33,104.42
14년07월23일,105.33,108.03,103.12
14년07월24일,105.79,107.07,102.07
14년07월25일,105.15,108.39,102.09
14년07월28일,-,107.57,101.67
14년07월29일,105.84,107.72,100.97
14년07월30일,105.98,106.51,100.27
14년07월31일,105.23,106.02,98.17
14년08월01일,104.92,104.84,97.88
14년08월04일,103.15,105.41,98.29
14년08월05일,103.81,104.61,97.38
14년08월06일,102.87,104.59,96.92
14년08월07일,103.00,105.44,97.34
14년08월08일,103.85,105.02,97.65
14년08월11일,103.48,104.68,98.08
14년08월12일,103.25,103.02,97.37
14년08월13일,101.98,104.28,97.59
14년08월14일,103.02,102.01,95.58
14년08월15일,100.96,103.53,97.35
14년08월18일,102.12,101.60,96.41
14년08월19일,100.64,101.56,94.48
14년08월20일,100.45,102.28,96.07
14년08월21일,100.30,102.63,93.96
14년08월22일,100.52,102.29,93.65
14년08월25일,100.24,102.65,93.35
14년08월26일,100.49,102.50,93.86
14년08월27일,100.51,102.72,93.88
14년08월28일,100.68,102.46,94.55
14년08월29일,100.52,103.19,95.96
14년09월01일,100.94,102.79,-
14년09월02일,100.39,100.34,92.88
14년09월03일,97.74,102.77,95.54
14년09월04일,100.05,101.83,94.45
14년09월05일,99.03,100.82,93.29
14년09월08일,98.07,100.20,92.66
14년09월09일,97.56,99.16,92.75
14년09월10일,96.77,98.04,91.67
14년09월11일,95.81,98.08,92.83
14년09월12일,95.89,97.11,92.27
14년09월15일,95.19,96.65,92.92
14년09월16일,94.94,99.05,94.88
14년09월17일,96.46,98.97,94.42
14년09월18일,96.37,97.70,93.07
14년09월19일,95.42,98.39,92.41
14년09월22일,95.92,96.97,91.52
14년09월23일,94.92,96.85,91.56
14년09월24일,94.84,96.95,92.80
14년09월25일,94.92,97.00,92.53
14년09월26일,94.91,97.00,93.54
14년09월29일,94.90,97.20,94.57
14년09월30일,95.01,94.67,91.16
14년10월01일,93.52,94.16,90.73
14년10월02일,91.86,-,-
14년10월03일,91.12,92.31,89.74
14년10월06일,90.14,92.79,90.34
14년10월07일,90.88,92.11,88.85
14년10월08일,89.93,91.38,87.31
14년10월09일,89.23,90.05,85.77
14년10월10일,88.04,90.21,85.82
14년10월13일,88.25,88.89,85.74
14년10월14일,87.34,85.04,81.84
14년10월15일,84.23,83.78,81.78
14년10월16일,83.07,84.47,82.70
14년10월17일,83.85,86.16,82.75
14년10월20일,84.89,85.40,81.71
14년10월21일,84.33,86.22,82.81
14년10월22일,-,84.71,80.52
14년10월23일,83.25,86.83,82.09
14년10월24일,84.63,86.13,81.01
14년10월27일,84.19,85.83,81.00
14년10월28일,83.98,86.03,81.42
14년10월29일,84.14,87.12,82.20
14년10월30일,84.82,86.24,81.12
14년10월31일,84.27,85.86,80.54
14년11월03일,84.04,84.78,78.78
14년11월04일,81.65,82.82,77.19
14년11월05일,79.77,82.95,78.68
14년11월06일,79.80,82.86,77.91
14년11월07일,79.67,83.39,78.65
14년11월10일,80.08,82.34,77.40
14년11월11일,79.16,81.67,77.94
14년11월12일,78.55,80.38,77.18
14년11월13일,77.56,77.92,75.82
14년11월14일,74.01,-,75.82
14년11월17일,75.14,79.31,75.64
14년11월18일,75.08,78.47,74.61
14년11월19일,74.46,78.10,74.58
14년11월20일,74.18,79.33,75.58
14년11월21일,75.90,80.36,76.51
14년11월24일,77.54,79.68,75.78
14년11월25일,77.11,78.33,74.09
14년11월26일,75.71,77.75,73.69
14년11월27일,73.33,72.58,-
14년11월28일,69.09,70.15,66.15
14년12월01일,66.49,72.54,69.00
14년12월02일,69.02,70.54,66.88
14년12월03일,67.07,69.92,67.38
14년12월04일,66.95,69.64,66.81
14년12월05일,66.24,69.07,65.84
14년12월08일,65.62,66.19,63.05
14년12월09일,63.20,66.84,63.82
14년12월10일,63.76,64.24,60.94
14년12월11일,61.57,63.68,59.95
14년12월12일,60.51,61.85,57.81
14년12월15일,59.56,61.06,55.91
14년12월16일,56.50,59.86,55.93
14년12월17일,55.56,61.18,56.47
14년12월18일,56.42,59.27,54.11
14년12월19일,55.70,61.38,56.52
14년12월22일,58.09,60.11,55.26
14년12월23일,56.20,61.69,57.12
14년12월24일,57.22,60.24,55.84
14년12월26일,56.32,59.45,54.73
14년12월29일,55.87,57.88,53.61
14년12월30일,53.62,57.90,54.12
14년12월31일,53.60,57.33,53.27
15년01월02일,53.27,56.42,52.69
15년01월05일,50.98,53.11,50.04
15년01월06일,48.08,51.10,47.93
15년01월07일,46.60,51.15,48.65
15년01월08일,47.50,50.96,48.79
15년01월09일,47.41,50.11,48.36
15년01월12일,45.67,47.43,46.07
15년01월13일,43.30,46.59,45.89
15년01월14일,42.55,48.69,48.48
15년01월15일,44.48,47.67,46.25
15년01월16일,43.92,50.17,48.69
15년01월19일,46.04,48.84,-
15년01월20일,44.82,47.99,46.39
15년01월21일,44.75,49.03,47.78
15년01월22일,44.65,48.52,46.31
15년01월23일,44.42,48.79,45.59
15년01월26일,44.15,48.16,45.15
15년01월27일,43.63,49.60,46.23
15년01월28일,44.83,48.47,44.45
15년01월29일,44.63,49.13,44.53
15년01월30일,45.59,52.99,48.24
15년02월02일,48.81,54.75,49.57
15년02월03일,52.62,57.91,53.05
15년02월04일,54.72,54.16,48.45
15년02월05일,51.41,56.57,50.48
15년02월06일,54.23,57.80,51.69
15년02월09일,55.37,58.34,52.86
15년02월10일,55.83,56.43,50.02
15년02월11일,54.91,54.66,48.84
15년02월12일,54.75,57.05,51.21
15년02월13일,57.70,61.52,52.78
15년02월16일,58.83,61.40,-
15년02월17일,58.89,62.53,53.53
15년02월18일,59.32,60.53,52.14
15년02월19일,-,60.21,51.16
15년02월20일,-,60.22,50.34
15년02월23일,57.29,58.90,49.45
15년02월24일,56.06,58.66,49.28
15년02월25일,55.84,61.63,50.99
15년02월26일,58.42,60.05,48.17
15년02월27일,57.39,62.58,49.76
15년03월02일,59.58,59.54,49.59
15년03월03일,57.15,61.02,50.52
15년03월04일,57.80,60.55,51.53
15년03월05일,57.35,60.48,50.76
15년03월06일,57.26,59.73,49.61
15년03월09일,56.58,58.53,50.00
15년03월10일,55.48,56.39,48.29
15년03월11일,53.50,57.54,48.17
15년03월12일,55.40,57.08,47.05
15년03월13일,54.96,54.67,44.84
15년03월16일,52.75,53.44,43.88
15년03월17일,51.64,53.51,43.46
15년03월18일,51.24,55.91,44.66
15년03월19일,53.40,54.43,43.96
15년03월20일,52.06,55.32,45.72
15년03월23일,52.87,55.92,47.45
15년03월24일,53.40,55.11,47.51
15년03월25일,52.69,56.48,49.21
15년03월26일,53.99,59.19,51.43
15년03월27일,56.37,56.41,48.87
15년03월30일,53.95,56.29,48.68
15년03월31일,53.84,55.11,47.60
15년04월01일,52.83,57.10,50.09
15년04월02일,54.63,54.95,49.14
15년04월06일,53.95,58.12,52.14
15년04월07일,55.01,59.10,53.98
15년04월08일,55.92,55.55,50.42
15년04월09일,53.31,56.57,50.79
15년04월10일,54.28,57.87,51.64
15년04월13일,56.58,57.93,51.91
15년04월14일,56.32,58.43,53.29
15년04월15일,56.82,60.32,56.39
15년04월16일,58.66,63.98,56.71
15년04월17일,59.21,63.45,55.74
15년04월20일,59.34,63.45,56.38
15년04월21일,59.25,62.08,55.26
15년04월22일,58.03,62.73,56.16
15년04월23일,58.60,64.85,57.74
15년04월24일,61.43,65.28,57.15
15년04월27일,62.00,64.83,56.99
15년04월28일,61.62,64.64,57.06
15년04월29일,61.65,65.84,58.58
15년04월30일,62.69,66.78,59.63
15년05월01일,-,66.46,59.15
15년05월04일,63.03,66.45,58.93
15년05월05일,63.28,67.52,60.40
15년05월06일,64.79,67.77,60.93
15년05월07일,65.06,65.54,58.94
15년05월08일,62.96,65.39,59.39
15년05월11일,62.84,64.91,59.25
15년05월12일,62.40,66.86,60.75
15년05월13일,64.21,66.81,60.50
15년05월14일,63.61,66.59,59.88
15년05월15일,63.49,66.81,59.69
15년05월18일,63.58,66.27,59.43
15년05월19일,62.79,64.02,57.26
15년05월20일,61.75,65.03,58.98
15년05월21일,62.68,66.54,60.72
15년05월22일,64.03,65.37,59.72
15년05월25일,62.98,65.52,-
15년05월26일,63.07,63.72,58.03
15년05월27일,62.11,62.06,57.51
15년05월28일,60.64,62.58,57.68
15년05월29일,61.11,65.56,60.30
15년06월01일,-,64.88,60.20
15년06월02일,62.49,65.49,61.26
15년06월03일,62.30,63.80,59.64
15년06월04일,60.71,62.03,58.00
15년06월05일,59.03,63.31,59.13
15년06월08일,60.23,62.69,58.14
15년06월09일,59.64,64.88,60.14
15년06월10일,62.66,65.70,61.43
15년06월11일,63.44,65.11,60.77
15년06월12일,62.42,63.87,59.96
15년06월15일,61.29,62.61,59.52
15년06월16일,60.46,63.70,59.97
15년06월17일,60.81,63.87,59.92
15년06월18일,60.98,64.26,60.45
15년06월19일,60.93,63.02,59.61
15년06월22일,59.82,63.34,59.68
15년06월23일,60.11,64.45,61.01
15년06월24일,61.09,63.49,60.27
15년06월25일,60.26,63.20,59.70
15년06월26일,60.01,63.26,59.63
15년06월29일,59.36,62.01,58.33
15년06월30일,59.56,63.59,59.47
15년07월01일,60.93,62.01,56.96
15년07월02일,59.51,62.07,56.93
15년07월03일,59.45,60.32,-
15년07월06일,57.93,56.54,52.53
15년07월07일,55.16,56.85,52.33
15년07월08일,54.98,57.05,51.65
15년07월09일,56.69,58.61,52.78
15년07월10일,58.19,58.73,52.74
15년07월13일,57.75,57.85,52.20
15년07월14일,56.25,58.51,53.04
15년07월15일,56.93,57.05,51.41
15년07월16일,55.75,57.51,50.91
15년07월17일,-,57.10,50.89
15년07월20일,55.40,56.65,50.15
15년07월21일,54.68,57.04,50.36
15년07월22일,55.03,56.13,49.19
15년07월23일,54.22,55.27,48.45
15년07월24일,53.45,54.62,48.14
15년07월27일,52.87,53.47,47.39
15년07월28일,51.85,53.30,47.98
15년07월29일,51.86,53.38,48.79
15년07월30일,52.53,53.31,48.52
15년07월31일,52.07,52.21,47.12
15년08월03일,51.11,49.52,45.17
15년08월04일,50.13,49.99,45.74
15년08월05일,50.09,49.59,45.15
15년08월06일,49.71,49.52,44.66
15년08월07일,-,48.61,43.87
15년08월10일,-,50.41,44.96
15년08월11일,50.59,49.18,43.08
15년08월12일,49.37,49.66,43.30
15년08월13일,49.87,49.22,42.23
15년08월14일,49.43,49.03,42.50
15년08월17일,48.53,48.74,41.87
15년08월18일,48.22,48.81,42.62
15년08월19일,48.27,47.16,40.80
15년08월20일,46.73,46.62,41.14
15년08월21일,46.23,45.46,40.45
15년08월24일,44.40,42.69,38.24
15년08월25일,42.66,43.21,39.31
15년08월26일,42.94,43.14,38.60
15년08월27일,43.57,47.56,42.56
15년08월28일,46.84,50.05,45.22
15년08월31일,48.72,54.15,49.20
15년09월01일,49.98,49.56,45.41
15년09월02일,46.16,50.50,46.25
15년09월03일,47.01,50.68,46.75
15년09월04일,47.19,49.61,46.05
15년09월07일,46.60,47.63,-
15년09월08일,45.93,49.52,45.94
15년09월09일,47.55,47.58,44.15
15년09월10일,45.75,48.89,45.92
15년09월11일,-,48.14,44.63
15년09월14일,45.47,46.37,44.00
15년09월15일,43.87,46.63,44.59
15년09월16일,44.08,49.75,47.15
15년09월17일,46.78,49.08,46.90
15년09월18일,45.99,47.47,44.68
15년09월21일,44.58,48.92,46.68
15년09월22일,45.00,49.08,45.83
15년09월23일,45.13,47.75,44.48
15년09월24일,-,48.17,44.91
15년09월25일,44.98,48.60,45.70
15년09월28일,45.01,47.34,44.43
15년09월29일,43.95,48.23,45.23
15년09월30일,44.31,48.37,45.09
15년10월01일,45.92,47.69,44.74
15년10월02일,45.38,48.13,45.54
15년10월05일,45.91,49.25,46.26
15년10월06일,46.48,51.92,48.53
15년10월07일,48.97,51.33,47.81
15년10월08일,48.41,53.05,49.43
15년10월09일,49.99,52.65,49.63
15년10월12일,49.61,49.86,47.10
15년10월13일,47.08,49.24,46.66
15년10월14일,46.52,49.15,46.64
15년10월15일,46.44,48.71,46.38
15년10월16일,46.58,50.46,47.26
15년10월19일,46.22,48.61,45.89
15년10월20일,44.61,48.71,45.55
15년10월21일,44.43,47.85,45.20
15년10월22일,43.71,48.08,45.38
15년10월23일,43.90,47.99,44.60
15년10월26일,43.48,47.54,43.98
15년10월27일,43.01,46.81,43.20
15년10월28일,43.11,49.05,45.94
15년10월29일,44.45,48.80,46.06
15년10월30일,43.94,49.56,46.59
15년11월02일,44.55,48.79,46.14
15년11월03일,43.89,50.54,47.90
15년11월04일,45.45,48.58,46.32
15년11월05일,43.70,47.98,45.20
15년11월06일,43.16,47.42,44.29
15년11월09일,42.88,47.19,43.87
15년11월10일,-,47.44,44.21
15년11월11일,42.59,45.81,42.93
15년11월12일,41.68,44.06,41.75
15년11월13일,40.77,43.61,40.74
15년11월16일,40.35,44.56,41.74
15년11월17일,40.39,43.57,40.67
15년11월18일,39.64,44.14,40.75
15년11월19일,40.13,44.18,40.54
15년11월20일,40.07,44.66,40.39
15년11월23일,39.57,44.83,41.75
15년11월24일,40.70,46.12,42.87
15년11월25일,41.40,46.17,43.04
15년11월26일,40.94,45.46,-
15년11월27일,40.37,44.86,41.71
15년11월30일,39.87,44.61,41.65
15년12월01일,39.80,44.44,41.85
15년12월02일,39.75,42.49,39.94
15년12월03일,38.29,43.84,41.08
15년12월04일,39.11,43.00,39.97
15년12월07일,38.35,40.73,37.65
15년12월08일,36.91,40.26,37.51
15년12월09일,36.49,40.11,37.16
15년12월10일,36.51,39.73,36.76
15년12월11일,36.20,37.93,35.62
15년12월14일,34.64,37.92,36.31
15년12월15일,33.82,38.45,37.35
15년12월16일,34.24,37.19,35.52
15년12월17일,32.86,37.06,34.95
15년12월18일,32.98,36.88,34.73
15년12월21일,31.98,36.35,34.74
15년12월22일,32.00,36.11,36.14
15년12월23일,31.82,37.36,37.50
15년12월24일,32.83,37.89,38.10
15년12월28일,32.61,36.62,36.81
15년12월29일,32.11,37.79,37.87
15년12월30일,32.74,36.46,36.60
15년12월31일,32.19,37.28,37.04
16년01월04일,32.54,37.22,36.76
16년01월05일,31.66,36.42,35.97
16년01월06일,30.76,34.23,33.97
16년01월07일,27.96,33.75,33.27
16년01월08일,29.11,33.55,33.16
16년01월11일,28.07,31.55,31.41
16년01월12일,26.44,30.86,30.44
16년01월13일,26.49,30.31,30.48
16년01월14일,26.04,31.03,31.20
16년01월15일,26.22,28.94,29.42
16년01월18일,24.65,28.55,-
16년01월19일,24.72,28.76,28.46
16년01월20일,23.36,27.88,26.55
16년01월21일,22.83,29.25,29.53
16년01월22일,23.88,32.18,32.19
16년01월25일,26.10,30.50,30.34
16년01월26일,24.84,31.80,31.45
16년01월27일,26.11,33.10,32.30
16년01월28일,27.08,33.89,33.22
16년01월29일,28.37,34.74,33.62
16년02월01일,29.01,34.24,31.62
16년02월02일,28.08,32.72,29.88
16년02월03일,27.52,35.04,32.28
16년02월04일,29.51,34.46,31.72
16년02월05일,29.22,34.06,30.89
16년02월08일,-,32.88,29.69
16년02월09일,-,30.32,27.94
16년02월10일,26.20,30.84,27.45
16년02월11일,26.08,30.06,26.21
16년02월12일,26.86,33.36,29.44
16년02월15일,29.22,33.39,-
16년02월16일,30.66,32.18,29.04
16년02월17일,28.31,34.50,30.66
16년02월18일,30.25,34.28,30.77
16년02월19일,30.07,33.01,29.64
16년02월22일,29.33,34.69,31.48
16년02월23일,29.69,33.27,31.87
16년02월24일,28.57,34.41,32.15
16년02월25일,29.46,35.29,33.07
16년02월26일,30.43,35.10,32.78
16년02월29일,29.99,35.97,33.75
16년03월01일,31.65,36.81,34.40
16년03월02일,31.95,36.93,34.66
16년03월03일,32.04,37.07,34.57
16년03월04일,32.17,38.72,35.92
16년03월07일,34.39,40.84,37.90
16년03월08일,35.56,39.65,36.50
16년03월09일,35.03,41.07,38.29
16년03월10일,36.25,40.05,37.84
16년03월11일,36.37,40.39,38.50
16년03월14일,35.69,39.53,37.18
16년03월15일,34.66,38.74,36.34
16년03월16일,34.80,40.33,38.46
16년03월17일,36.67,41.54,40.20
16년03월18일,37.42,41.20,39.44
16년03월21일,37.14,41.54,39.91
16년03월22일,37.43,41.79,41.45
16년03월23일,37.14,40.47,39.79
16년03월24일,36.04,40.44,39.46
16년03월28일,36.31,40.27,39.39
16년03월29일,36.17,39.14,38.28
16년03월30일,35.45,39.26,38.32
16년03월31일,35.05,39.60,38.34
16년04월01일,36.22,38.67,36.79
16년04월04일,34.84,37.69,35.70
16년04월05일,33.83,37.87,35.89
16년04월06일,34.69,39.84,37.75
16년04월07일,36.48,39.43,37.26
16년04월08일,36.71,41.94,39.72
16년04월11일,37.79,42.83,40.36
16년04월12일,38.67,44.69,42.17
16년04월13일,40.11,44.18,41.76
16년04월14일,39.66,43.84,41.50
16년04월15일,39.37,43.10,40.36
16년04월18일,37.73,42.91,39.78
16년04월19일,39.17,44.03,41.08
16년04월20일,39.03,45.80,42.63
16년04월21일,41.70,44.53,43.18
16년04월22일,41.01,45.11,43.73
16년04월25일,40.86,44.48,42.64
16년04월26일,40.83,45.74,44.04
16년04월27일,42.59,47.18,45.33
16년04월28일,43.22,48.14,46.03
16년04월29일,44.26,48.13,45.92
16년05월02일,-,45.83,44.78
16년05월03일,43.03,44.97,43.65
16년05월04일,42.05,44.62,43.78
16년05월05일,42.45,45.01,44.32
16년05월06일,42.20,45.37,44.66
16년05월09일,42.84,43.63,43.44
16년05월10일,41.23,45.52,44.66
16년05월11일,42.18,47.60,46.23
16년05월12일,44.65,48.08,46.70
16년05월13일,44.39,47.83,46.21
16년05월16일,45.35,48.97,47.72
16년05월17일,45.68,49.28,48.31
16년05월18일,45.76,48.93,48.19
16년05월19일,44.75,48.81,48.16
16년05월20일,45.65,48.72,47.75
16년05월23일,44.87,48.35,48.08
16년05월24일,44.55,48.61,48.62
16년05월25일,45.27,49.74,49.56
16년05월26일,45.74,49.59,49.48
16년05월27일,45.31,49.32,49.33
16년05월30일,45.54,49.76,-
16년05월31일,45.90,49.69,49.10
16년06월01일,45.44,49.72,49.01
16년06월02일,46.17,50.04,49.17
16년06월03일,46.28,49.64,48.62
16년06월06일,45.91,50.55,49.69
16년06월07일,46.82,51.44,50.36
16년06월08일,47.99,52.51,51.23
16년06월09일,48.98,51.95,50.56
16년06월10일,48.23,50.54,49.07
16년06월13일,47.06,50.35,48.88
16년06월14일,46.30,49.83,48.49
16년06월15일,46.09,48.97,48.01
16년06월16일,44.93,47.19,46.21
16년06월17일,44.48,49.17,47.98
16년06월20일,46.53,50.65,49.37
16년06월21일,46.40,50.62,48.85
16년06월22일,47.12,49.88,49.13
16년06월23일,46.48,50.91,50.11
16년06월24일,45.47,48.41,47.64
16년06월27일,45.11,47.16,46.33
16년06월28일,44.55,48.58,47.85
16년06월29일,45.73,50.61,49.88
16년06월30일,46.46,49.68,48.33
16년07월01일,45.19,50.35,48.99
16년07월04일,46.97,50.10,-
16년07월05일,45.01,47.96,46.60
16년07월06일,-,48.80,47.43
16년07월07일,44.99,46.40,45.14
16년07월08일,42.50,46.76,45.41
16년07월11일,41.97,46.25,44.76
16년07월12일,42.58,48.47,46.80
16년07월13일,43.41,46.26,44.75
16년07월14일,42.31,47.37,45.68
16년07월15일,42.59,47.61,45.95
16년07월18일,43.38,46.96,45.24
16년07월19일,42.21,46.66,44.65
16년07월20일,42.24,47.17,44.94
16년07월21일,42.73,46.20,44.75
16년07월22일,41.63,45.69,44.19
16년07월25일,41.38,44.72,43.13
16년07월26일,40.37,44.87,42.92
16년07월27일,40.59,43.47,41.92
16년07월28일,39.88,42.70,41.14
16년07월29일,38.64,42.46,41.60
16년08월01일,40.04,42.14,40.06
16년08월02일,38.85,41.80,39.51
16년08월03일,38.54,43.10,40.83
16년08월04일,39.99,44.29,41.93
16년08월05일,41.22,44.27,41.80
16년08월08일,41.59,45.39,43.02
16년08월09일,-,44.98,42.77
16년08월10일,41.34,44.05,41.71
16년08월11일,40.49,46.04,43.49
16년08월12일,42.89,46.97,44.49
16년08월15일,44.43,48.35,45.74
16년08월16일,45.74,49.23,46.58
16년08월17일,45.85,49.85,46.79
16년08월18일,46.65,50.89,48.22
16년08월19일,47.26,50.88,48.52
16년08월22일,46.85,49.16,47.05
16년08월23일,45.38,49.96,48.10
16년08월24일,45.96,49.05,46.77
16년08월25일,45.59,49.67,47.33
16년08월26일,44.62,49.92,47.64
16년08월29일,45.82,49.26,46.98
16년08월30일,46.16,48.37,46.35
16년08월31일,44.79,47.04,44.70
16년09월01일,42.98,45.45,43.16
16년09월02일,41.71,46.83,44.44
16년09월05일,44.28,47.63,-
16년09월06일,43.40,47.26,44.83
16년09월07일,43.67,47.98,45.50
16년09월08일,44.83,49.99,47.62
16년09월09일,45.45,48.01,45.88
16년09월12일,-,48.32,46.29
16년09월13일,43.69,47.10,44.90
16년09월14일,43.57,45.85,43.58
16년09월15일,42.04,46.59,43.91
16년09월16일,42.34,45.77,43.03
16년09월19일,42.43,45.95,43.30
16년09월20일,41.99,45.88,43.44
16년09월21일,43.08,46.83,45.34
16년09월22일,43.58,47.65,46.32
16년09월23일,43.39,45.89,44.48
16년09월26일,42.15,47.35,45.93
16년09월27일,43.13,45.97,44.67
16년09월28일,42.37,48.69,47.05
16년09월29일,44.65,49.24,47.83
16년09월30일,45.11,49.06,48.24
16년10월03일,47.87,50.89,48.81
16년10월04일,47.83,50.87,48.69
16년10월05일,48.83,51.86,49.83
16년10월06일,48.77,52.51,50.44
16년10월07일,50.07,51.93,49.81
16년10월10일,48.90,53.14,51.35
16년10월11일,50.01,52.41,50.79
16년10월12일,50.03,51.81,50.18
16년10월13일,49.07,52.03,50.44
16년10월14일,49.88,51.95,50.35
16년10월17일,49.12,51.52,49.94
16년10월18일,49.23,51.68,50.29
16년10월19일,49.67,52.67,51.60
16년10월20일,49.66,51.38,50.43
16년10월21일,48.82,51.78,50.85
16년10월24일,49.48,51.46,50.52
16년10월25일,49.20,50.79,49.96
16년10월26일,47.91,49.98,49.18
16년10월27일,48.16,50.47,49.72
16년10월28일,48.40,49.71,48.70
16년10월31일,47.44,48.30,46.86
16년11월01일,45.42,48.14,46.67
16년11월02일,44.08,46.86,45.34
16년11월03일,43.52,46.35,44.66
16년11월04일,42.84,45.58,44.07
16년11월07일,42.69,46.15,44.89
16년11월08일,42.87,46.04,44.98
16년11월09일,42.57,46.36,45.27
16년11월10일,43.67,45.84,44.66
16년11월11일,43.70,44.75,43.41
16년11월14일,41.95,44.43,43.32
16년11월15일,41.97,46.95,45.81
16년11월16일,43.45,46.63,45.57
16년11월17일,43.47,46.49,45.42
16년11월18일,42.80,46.86,45.69
16년11월21일,44.47,48.90,47.49
16년11월22일,46.08,49.12,48.03
16년11월23일,46.07,48.95,47.96
16년11월24일,45.67,49.00,-
16년11월25일,45.97,47.24,46.06
16년11월28일,43.76,48.24,47.08
16년11월29일,44.65,46.38,45.23
16년11월30일,44.12,50.47,49.44
16년12월01일,49.02,53.94,51.06
16년12월02일,50.39,54.46,51.68
16년12월05일,51.64,54.94,51.79
16년12월06일,51.65,53.93,50.93
16년12월07일,50.35,53.00,49.77
16년12월08일,50.30,53.89,50.84
16년12월09일,51.32,54.33,51.50
16년12월12일,54.18,55.69,52.83
16년12월13일,52.85,55.72,52.98
16년12월14일,52.69,53.90,51.04
16년12월15일,51.65,54.02,50.90
16년12월16일,51.69,55.21,51.90
16년12월19일,52.86,54.92,52.12
16년12월20일,52.09,55.35,52.23
16년12월21일,52.87,54.46,52.49
16년12월22일,51.78,55.05,52.95
16년12월23일,52.21,55.16,53.02
16년12월27일,52.72,56.09,53.90
16년12월28일,53.73,56.22,54.06
16년12월29일,53.90,56.14,53.77
16년12월30일,53.83,56.82,53.72
17년01월03일,54.65,55.47,52.33
17년01월04일,53.99,56.46,53.26
17년01월05일,54.28,56.89,53.76
17년01월06일,54.25,57.10,53.99
17년01월09일,54.35,54.94,51.96
17년01월10일,53.14,53.64,50.82
17년01월11일,52.22,55.10,52.25
17년01월12일,53.45,56.01,53.01
17년01월13일,54.30,55.45,52.37
17년01월16일,53.29,55.86,-
17년01월17일,53.88,55.47,52.48
17년01월18일,53.84,53.92,51.08
17년01월19일,53.03,54.16,51.37
17년01월20일,52.91,55.49,52.42
17년01월23일,53.52,55.23,52.75
17년01월24일,53.98,55.44,53.18
17년01월25일,53.47,55.08,52.75
17년01월26일,53.86,56.24,53.78
17년01월27일,54.49,55.52,53.17
17년01월30일,-,55.23,52.63
17년01월31일,53.23,55.70,52.81
17년02월01일,53.22,56.80,53.88
17년02월02일,54.94,56.56,53.54
17년02월03일,55.45,56.81,53.83
17년02월06일,55.31,55.72,53.01
17년02월07일,54.17,55.05,52.17
17년02월08일,53.35,55.12,52.34
17년02월09일,53.79,55.63,53.00
17년02월10일,53.78,56.70,53.86
17년02월13일,54.76,55.59,52.93
17년02월14일,54.14,55.97,53.20
17년02월15일,54.00,55.75,53.11
17년02월16일,53.95,55.65,53.36
17년02월17일,54.06,55.81,53.40
17년02월20일,54.46,56.18,-
17년02월21일,54.64,56.66,54.06
17년02월22일,54.68,55.84,53.59
17년02월23일,54.75,56.58,54.45
17년02월24일,54.70,55.89,53.99
17년02월27일,55.18,55.93,54.05
17년02월28일,-,55.59,54.01
17년03월01일,55.13,56.36,53.83
17년03월02일,54.85,55.08,52.61
17년03월03일,53.68,55.90,53.33
17년03월06일,53.85,56.01,53.20
17년03월07일,54.44,55.92,53.14
17년03월08일,54.02,53.11,50.28
17년03월09일,52.52,52.19,49.28
17년03월10일,51.16,51.37,48.49
17년03월13일,50.04,51.35,48.40
17년03월14일,49.82,50.92,47.72
17년03월15일,50.01,51.81,48.86
17년03월16일,50.64,51.74,48.75
17년03월17일,50.13,51.76,48.78
17년03월20일,50.05,51.62,48.22
17년03월21일,50.42,50.96,47.34
17년03월22일,49.02,50.64,48.04
17년03월23일,49.17,50.56,47.70
17년03월24일,48.97,50.80,47.97
17년03월27일,48.84,50.75,47.73
17년03월28일,49.23,51.33,48.37
17년03월29일,50.14,52.42,49.51
17년03월30일,50.71,52.96,50.35
17년03월31일,50.78,52.83,50.60
17년04월03일,51.67,53.12,50.24
17년04월04일,51.10,54.17,51.03
17년04월05일,52.99,54.36,51.15
17년04월06일,52.64,54.89,51.70
17년04월07일,53.94,55.24,52.24
17년04월10일,53.88,55.98,53.08
17년04월11일,54.33,56.23,53.40
17년04월12일,54.61,55.86,53.11
17년04월13일,54.16,55.89,53.18
17년04월17일,53.49,55.36,52.65
17년04월18일,53.12,54.89,52.41
17년04월19일,53.04,52.93,50.44
17년04월20일,51.46,52.99,50.27
17년04월21일,51.36,51.96,49.62
17년04월24일,50.94,51.60,49.23
17년04월25일,50.13,52.10,49.56
17년04월26일,50.57,51.82,49.62
17년04월27일,50.02,51.44,48.97
17년04월28일,50.16,51.73,49.33
17년05월01일,-,51.52,48.84
17년05월02일,-,50.46,47.66
17년05월03일,49.68,50.79,47.82
17년05월04일,-,48.38,45.52
17년05월05일,47.97,49.10,46.22
17년05월08일,-,49.34,46.43
17년05월09일,48.38,48.73,45.88
17년05월10일,-,50.22,47.33
17년05월11일,49.64,50.77,47.83
17년05월12일,49.46,50.84,47.84
17년05월15일,50.82,51.82,48.85
17년05월16일,51.09,51.65,48.66
17년05월17일,50.42,52.21,49.07
17년05월18일,51.00,52.51,49.35
17년05월19일,51.96,53.61,50.33
17년05월22일,52.79,53.87,50.73
17년05월23일,52.31,54.15,51.47
17년05월24일,53.10,53.96,51.36
17년05월25일,52.78,51.46,48.90
17년05월26일,50.42,52.15,49.80
17년05월29일,50.65,52.29,-
17년05월30일,50.48,51.84,49.66
17년05월31일,50.09,50.31,48.32
17년06월01일,50.16,50.63,48.36
17년06월02일,48.34,49.95,47.66
17년06월05일,-,49.47,47.40
17년06월06일,47.89,50.12,48.19
17년06월07일,48.42,48.06,45.72
17년06월08일,47.07,47.86,45.64
17년06월09일,46.46,48.15,45.83
17년06월12일,47.02,48.29,46.08
17년06월13일,47.30,48.72,46.46
17년06월14일,46.84,47.00,44.73
17년06월15일,45.37,46.92,44.46
17년06월16일,45.88,47.37,44.74
17년06월19일,45.68,46.91,44.20
17년06월20일,45.62,46.02,43.23
17년06월21일,44.32,44.82,42.53
17년06월22일,43.50,45.22,42.74
17년06월23일,44.17,45.54,43.01
17년06월26일,-,45.83,43.38
17년06월27일,45.03,46.65,44.24
17년06월28일,45.30,47.31,44.74
17년06월29일,46.36,47.42,44.93
17년06월30일,46.47,47.92,46.04
17년07월03일,47.62,49.68,47.07
17년07월04일,48.43,49.61,-
17년07월05일,48.34,47.79,45.13
17년07월06일,47.07,48.11,45.52
17년07월07일,46.05,46.71,44.23
17년07월10일,45.24,46.88,44.40
17년07월11일,45.27,47.52,45.04
17년07월12일,46.82,47.74,45.49
17년07월13일,46.10,48.42,46.08
17년07월14일,46.99,48.91,46.54
17년07월17일,47.65,48.42,46.02
17년07월18일,47.20,48.84,46.40
17년07월19일,47.41,49.70,47.12
17년07월20일,48.33,49.30,46.79
17년07월21일,48.17,48.06,45.77
17년07월24일,46.51,48.60,46.34
17년07월25일,47.30,50.20,47.89
17년07월26일,49.05,50.97,48.75
17년07월27일,49.35,51.49,49.04
17년07월28일,49.72,52.52,49.71
17년07월31일,50.38,52.65,50.17
17년08월01일,51.22,51.78,49.16
17년08월02일,50.29,52.36,49.59
17년08월03일,50.83,52.01,49.03
17년08월04일,50.36,52.42,49.58
17년08월07일,50.80,52.37,49.39
17년08월08일,51.24,52.14,49.17
17년08월09일,-,52.70,49.56
17년08월10일,51.62,51.90,48.59
17년08월11일,49.86,52.10,48.82
17년08월14일,50.36,50.73,47.59
17년08월15일,49.26,50.80,47.55
17년08월16일,49.53,50.27,46.78
17년08월17일,48.65,51.03,47.09
17년08월18일,49.26,52.72,48.51
17년08월21일,50.72,51.66,47.37
17년08월22일,49.97,51.87,47.64
17년08월23일,49.93,52.57,48.41
17년08월24일,50.55,52.04,47.43
17년08월25일,50.56,52.41,47.87
17년08월28일,50.55,51.89,46.57
17년08월29일,50.10,52.00,46.44
17년08월30일,49.93,50.86,45.96
17년08월31일,49.26,52.38,47.23
17년09월01일,-,52.75,47.29
17년09월04일,50.60,52.34,-
17년09월05일,51.02,53.38,48.66
17년09월06일,52.14,54.20,49.16
17년09월07일,52.99,54.49,49.09
17년09월08일,53.18,53.78,47.48
17년09월11일,52.14,53.84,48.07
17년09월12일,52.17,54.27,48.23
17년09월13일,52.87,55.16,49.30
17년09월14일,53.57,55.47,49.89
17년09월15일,53.64,55.62,49.89
17년09월18일,54.19,55.48,49.91
17년09월19일,54.07,55.14,49.48
17년09월20일,53.93,56.29,50.41
17년09월21일,54.65,56.43,50.55
17년09월22일,54.66,56.86,50.66
17년09월25일,54.83,59.02,52.22
17년09월26일,56.15,58.44,51.88
17년09월27일,55.65,57.90,52.14
17년09월28일,55.55,57.41,51.56
17년09월29일,55.19,57.54,51.67
17년10월02일,55.16,56.12,50.58
17년10월03일,54.45,56.00,50.42
17년10월04일,53.92,55.80,49.98
17년10월05일,54.35,57.00,50.79
17년10월06일,55.27,55.62,49.29
17년10월09일,53.76,55.79,49.58
17년10월10일,54.08,56.61,50.92
17년10월11일,54.78,56.94,51.30
17년10월12일,54.97,56.25,50.60
17년10월13일,55.40,57.17,51.45
17년10월16일,55.98,57.82,51.87
17년10월17일,56.33,57.88,51.88
17년10월18일,-,58.15,52.04
17년10월19일,55.51,57.23,51.29
17년10월20일,55.13,57.75,51.47
17년10월23일,55.85,57.37,51.90
17년10월24일,55.28,58.33,52.47
17년10월25일,56.20,58.44,52.18
17년10월26일,56.21,59.30,52.64
17년10월27일,57.00,60.44,53.90
17년10월30일,58.33,60.90,54.15
17년10월31일,58.32,61.37,54.38
17년11월01일,59.61,60.49,54.30
17년11월02일,58.58,60.62,54.54
17년11월03일,58.93,62.07,55.64
17년11월06일,60.58,64.27,57.35
17년11월07일,62.39,63.69,57.20
17년11월08일,61.80,63.49,56.81
17년11월09일,61.61,63.93,57.17
17년11월10일,62.06,63.52,56.74
17년11월13일,61.63,63.16,56.76
17년11월14일,61.25,62.21,55.70
17년11월15일,60.04,61.87,55.33
17년11월16일,60.29,61.36,55.14
17년11월17일,59.66,62.72,56.55
17년11월20일,60.68,62.22,56.09
17년11월21일,60.48,62.57,56.83
17년11월22일,61.12,63.32,58.02
17년11월23일,61.13,63.55,-
17년11월24일,61.62,63.86,58.95
17년11월27일,61.50,63.84,58.11
17년11월28일,61.25,63.61,57.99
17년11월29일,60.97,63.11,57.30
17년11월30일,60.82,63.57,57.40
17년12월01일,60.80,63.73,58.36
17년12월04일,60.99,62.45,57.47
17년12월05일,60.22,62.86,57.62
17년12월06일,60.72,61.22,55.96
17년12월07일,59.43,62.20,56.69
17년12월08일,60.26,63.40,57.36
17년12월11일,60.96,64.69,57.99
17년12월12일,62.52,63.34,57.14
17년12월13일,61.33,62.44,56.60
17년12월14일,60.23,63.31,57.04
17년12월15일,61.18,63.23,57.30
17년12월18일,61.28,63.41,57.16
17년12월19일,61.40,63.80,57.46
17년12월20일,61.60,64.56,58.09
17년12월21일,62.17,64.90,58.36
17년12월22일,62.37,65.25,58.47
17년12월26일,62.61,67.02,59.97
17년12월27일,63.94,66.44,59.64
17년12월28일,63.85,66.72,59.84
17년12월29일,64.33,66.87,60.42
18년01월02일,64.37,66.57,60.37
18년01월03일,64.15,67.84,61.63
18년01월04일,65.35,68.07,62.01
18년01월05일,65.33,67.62,61.44
18년01월08일,65.04,67.78,61.73
18년01월09일,65.51,68.82,62.96
18년01월10일,66.59,69.20,63.57
18년01월11일,66.50,69.26,63.80
18년01월12일,66.29,69.87,64.30
18년01월15일,67.03,70.26,-
18년01월16일,67.09,69.15,63.73
18년01월17일,66.27,69.38,63.97
18년01월18일,66.42,69.31,63.95
18년01월19일,65.95,68.61,63.37
18년01월22일,66.09,69.03,63.49
18년01월23일,66.49,69.96,64.47
18년01월24일,66.86,70.53,65.61
18년01월25일,67.98,70.42,65.51
18년01월26일,67.40,70.52,66.14
18년01월29일,67.55,69.46,65.56
18년01월30일,66.38,69.02,64.50
18년01월31일,65.77,69.05,64.73
18년02월01일,66.12,69.65,65.80
18년02월02일,67.02,68.58,65.45
18년02월05일,65.07,67.62,64.15
18년02월06일,64.25,66.86,63.39
18년02월07일,64.05,65.51,61.79
18년02월08일,62.26,64.81,61.15
18년02월09일,61.12,62.79,59.20
18년02월12일,60.29,62.59,59.29
18년02월13일,59.84,62.72,59.19
18년02월14일,59.40,64.36,60.60
18년02월15일,61.67,64.33,61.34
18년02월16일,-,64.84,61.68
18년02월19일,61.77,65.67,-
18년02월20일,62.05,65.25,61.90
18년02월21일,61.30,65.42,61.68
18년02월22일,61.60,66.39,62.77
18년02월23일,62.77,67.31,63.55
18년02월26일,63.90,67.50,63.91
18년02월27일,64.02,66.63,63.01
18년02월28일,63.22,65.78,61.64
18년03월01일,61.42,63.83,60.99
18년03월02일,60.28,64.37,61.25
18년03월05일,61.32,65.54,62.57
18년03월06일,62.04,65.79,62.60
18년03월07일,61.61,64.34,61.15
18년03월08일,60.80,63.61,60.12
18년03월09일,60.28,65.49,62.04
18년03월12일,61.71,64.95,61.36
18년03월13일,61.25,64.64,60.71
18년03월14일,61.23,64.89,60.96
18년03월15일,61.45,65.12,61.19
18년03월16일,61.74,66.21,62.34
18년03월19일,62.48,66.05,62.06
18년03월20일,62.98,67.42,63.40
18년03월21일,63.89,69.47,65.17
18년03월22일,65.44,68.91,64.30
18년03월23일,65.33,70.45,65.88
18년03월26일,65.97,70.12,65.55
18년03월27일,65.83,70.11,65.25
18년03월28일,65.24,69.53,64.38
18년03월29일,65.33,70.27,64.94
18년04월02일,66.79,67.64,63.01
18년04월03일,65.16,68.12,63.51
18년04월04일,64.70,68.02,63.37
18년04월05일,65.38,68.33,63.54
18년04월06일,65.37,67.11,62.06
18년04월09일,64.70,68.65,63.42
18년04월10일,66.51,71.04,65.51
18년04월11일,67.58,72.06,66.82
18년04월12일,68.63,72.02,67.07
18년04월13일,69.04,72.58,67.39
18년04월16일,68.18,71.42,66.22
18년04월17일,68.23,71.58,66.52
18년04월18일,68.81,73.48,68.47
18년04월19일,70.75,73.78,68.29
18년04월20일,70.42,74.06,68.38
18년04월23일,70.29,74.71,68.64
18년04월24일,71.24,73.86,67.70
18년04월25일,70.36,74.00,68.05
18년04월26일,70.63,74.74,68.19
18년04월27일,70.88,74.64,68.10
18년04월30일,70.05,75.17,68.57
18년05월01일,-,73.13,67.25
18년05월02일,70.25,73.36,67.93
18년05월03일,70.54,73.62,68.43
18년05월04일,70.47,74.87,69.72
18년05월07일,72.46,76.17,70.73
18년05월08일,72.48,74.85,69.06
18년05월09일,73.93,77.21,71.14
18년05월10일,74.73,77.47,71.36
18년05월11일,74.46,77.12,70.70
18년05월14일,73.77,78.23,70.96
18년05월15일,75.30,78.43,71.31
18년05월16일,75.10,79.28,71.49
18년05월17일,76.67,79.30,71.49
18년05월18일,77.06,78.51,71.28
18년05월21일,76.43,79.22,72.24
18년05월22일,77.28,79.57,72.13
18년05월23일,76.65,79.80,71.84
18년05월24일,77.03,78.79,70.71
18년05월25일,75.78,76.44,67.88
18년05월28일,73.24,75.30,-
18년05월29일,-,75.39,66.73
18년05월30일,73.53,77.50,68.21
18년05월31일,75.45,77.59,67.04
18년06월01일,75.11,76.79,65.81
18년06월04일,74.40,75.29,64.75
18년06월05일,73.61,75.38,65.52
18년06월06일,73.75,75.36,64.73
18년06월07일,73.58,77.32,65.95
18년06월08일,74.87,76.46,65.74
18년06월11일,74.36,76.46,66.10
18년06월12일,74.75,75.88,66.36
18년06월13일,73.48,76.74,66.64
18년06월14일,74.31,75.94,66.89
18년06월15일,-,73.44,65.06
18년06월18일,70.97,75.34,65.85
18년06월19일,72.07,75.08,65.07
18년06월20일,72.65,74.74,66.22
18년06월21일,71.25,73.05,65.54
18년06월22일,71.77,75.55,68.58
18년06월25일,72.81,74.73,68.08
18년06월26일,73.03,76.31,70.53
18년06월27일,74.36,77.62,72.76
18년06월28일,75.19,77.85,73.45
18년06월29일,75.86,79.44,74.15
18년07월02일,75.57,77.30,73.94
18년07월03일,74.77,77.76,74.14
18년07월04일,75.07,78.24,-
18년07월05일,74.92,77.39,72.94
18년07월06일,74.18,77.11,73.80
18년07월09일,74.67,78.07,73.85
18년07월10일,76.00,78.86,74.11
18년07월11일,74.75,73.40,70.38
18년07월12일,72.56,74.45,70.33
18년07월13일,71.65,75.33,71.01
18년07월16일,72.95,71.84,68.06
18년07월17일,70.36,72.16,68.08
18년07월18일,69.68,72.90,68.76
18년07월19일,70.41,72.58,69.46
18년07월20일,71.52,73.07,70.46
18년07월23일,71.50,73.06,67.89
18년07월24일,71.59,73.44,68.52
18년07월25일,72.49,73.93,69.30
18년07월26일,73.41,74.54,69.61
18년07월27일,73.42,74.29,68.69
18년07월30일,73.38,74.97,70.13
18년07월31일,73.69,74.25,68.76
18년08월01일,72.42,72.39,67.66
18년08월02일,71.14,73.45,68.96
18년08월03일,71.93,73.21,68.49
18년08월06일,72.11,73.75,69.01
18년08월07일,72.65,74.65,69.17
18년08월08일,73.28,72.28,66.94
18년08월09일,-,72.07,66.81
18년08월10일,70.55,72.81,67.63
18년08월13일,71.25,72.61,67.20
18년08월14일,71.79,72.46,67.04
18년08월15일,70.66,70.76,65.01
18년08월16일,69.60,71.43,65.46
18년08월17일,70.38,71.83,65.91
18년08월20일,70.81,72.21,66.43
18년08월21일,71.11,72.63,67.35
18년08월22일,-,74.78,67.86
18년08월23일,73.14,74.73,67.83
18년08월24일,74.00,75.82,68.72
18년08월27일,74.41,76.21,68.87
18년08월28일,75.02,75.95,68.53
18년08월29일,74.34,77.14,69.51
18년08월30일,75.76,77.77,70.25
18년08월31일,75.85,77.42,69.80
18년09월03일,76.18,78.15,-
18년09월04일,76.88,78.17,69.87
18년09월05일,75.83,77.27,68.72
18년09월06일,75.31,76.50,67.77
18년09월07일,74.73,76.83,67.75
18년09월10일,75.83,77.37,67.54
18년09월11일,76.22,79.06,69.25
18년09월12일,77.45,79.74,70.37
18년09월13일,77.20,78.18,68.59
18년09월14일,76.31,78.09,68.99
18년09월17일,76.43,78.05,68.91
18년09월18일,75.85,79.03,69.85
18년09월19일,77.02,79.40,71.12
18년09월20일,77.53,78.70,70.80
18년09월21일,77.35,78.80,70.78
18년09월24일,78.45,81.20,72.08
18년09월25일,79.69,81.87,72.28
18년09월26일,80.04,81.34,71.57
18년09월27일,80.36,81.72,72.12
18년09월28일,80.03,82.72,73.25
18년10월01일,80.83,84.98,75.30
18년10월02일,82.88,84.80,75.23
18년10월03일,83.29,86.29,76.41
18년10월04일,84.44,84.58,74.33
18년10월05일,83.20,84.16,74.34
18년10월08일,81.61,83.91,74.29
18년10월09일,82.80,85.00,74.96
18년10월10일,83.04,83.09,73.17
18년10월11일,80.66,80.26,70.97
18년10월12일,79.36,80.43,71.34
18년10월15일,79.30,80.78,71.78
18년10월16일,78.83,81.41,71.92
18년10월17일,80.23,80.05,69.75
18년10월18일,78.43,79.29,68.65
18년10월19일,77.88,79.78,69.12
18년10월22일,78.78,79.83,69.17
18년10월23일,77.83,76.44,66.43
18년10월24일,74.42,76.17,66.82
18년10월25일,74.96,76.89,67.33
18년10월26일,75.42,77.62,67.59
18년10월29일,76.01,77.34,67.04
18년10월30일,76.18,75.91,66.18
18년10월31일,75.66,75.47,65.31
18년11월01일,73.38,72.89,63.69
18년11월02일,71.67,72.83,63.14
18년11월05일,71.20,73.17,63.10
18년11월06일,-,72.13,62.21
18년11월07일,70.64,72.07,61.67
18년11월08일,71.54,70.65,60.67
18년11월09일,69.36,70.18,60.19
18년11월12일,70.59,70.12,59.93
18년11월13일,68.48,65.47,55.69
18년11월14일,64.46,66.12,56.25
18년11월15일,65.39,66.62,56.46
18년11월16일,66.49,66.76,56.46
18년11월19일,66.17,66.79,56.76
18년11월20일,65.51,62.53,53.43
18년11월21일,62.65,63.48,54.63
18년11월22일,62.44,62.60,-
18년11월23일,61.08,58.80,50.42
18년11월26일,59.13,60.48,51.63
18년11월27일,59.07,60.21,51.56
18년11월28일,60.18,58.76,50.29
18년11월29일,58.30,59.51,51.45
18년11월30일,59.02,58.71,50.93
18년12월03일,61.19,61.69,52.95
18년12월04일,61.54,62.08,53.25
18년12월05일,59.81,61.56,52.89
18년12월06일,59.85,60.06,51.49
18년12월07일,58.39,61.67,52.61
18년12월10일,60.22,59.97,51.00
18년12월11일,58.37,60.20,51.65
18년12월12일,59.23,60.15,51.15
18년12월13일,58.81,61.45,52.58
18년12월14일,59.67,60.28,51.20
18년12월17일,58.92,59.61,49.88
18년12월18일,57.21,56.26,46.24
18년12월19일,55.05,57.24,47.20
18년12월20일,54.47,54.35,45.88
18년12월21일,53.51,53.82,45.59
18년12월24일,-,50.47,42.53
18년12월26일,49.52,54.47,46.22
18년12월27일,53.07,52.16,44.61
18년12월28일,52.86,52.20,45.33
18년12월31일,-,53.80,45.41
19년01월02일,51.86,54.91,46.54
19년01월03일,53.20,55.95,47.09
19년01월04일,55.59,57.06,47.96
19년01월07일,56.79,57.33,48.52
19년01월08일,56.18,58.72,49.78
19년01월09일,58.07,61.44,52.36
19년01월10일,59.60,61.68,52.59
19년01월11일,61.16,60.48,51.59
19년01월14일,58.92,58.99,50.51
19년01월15일,58.63,60.64,52.11
19년01월16일,60.15,61.32,52.31
19년01월17일,60.03,61.18,52.07
19년01월18일,61.12,62.70,53.80
19년01월21일,61.88,62.74,-
19년01월22일,61.43,61.50,52.57
19년01월23일,61.23,61.14,52.62
19년01월24일,60.41,61.09,53.13
19년01월25일,61.16,61.64,53.69
19년01월28일,60.32,59.93,51.99
19년01월29일,59.44,61.32,53.31
19년01월30일,60.93,61.65,54.23
19년01월31일,61.82,61.89,53.79
19년02월01일,60.87,62.75,55.26
19년02월04일,62.93,62.51,54.56
19년02월05일,-,61.98,53.66
19년02월06일,-,62.69,54.01
19년02월07일,62.51,61.63,52.64
19년02월08일,61.62,62.10,52.72
19년02월11일,62.02,61.51,52.41
19년02월12일,62.23,62.42,53.10
19년02월13일,63.34,63.61,53.90
19년02월14일,65.32,64.57,54.41
19년02월15일,65.12,66.25,55.59
19년02월18일,66.73,66.50,-
19년02월19일,66.48,66.45,56.09
19년02월20일,66.38,67.08,56.92
19년02월21일,67.12,67.07,56.96
19년02월22일,67.22,67.12,57.26
19년02월25일,66.84,64.76,55.48
19년02월26일,64.56,65.21,55.50
19년02월27일,65.30,66.39,56.94
19년02월28일,65.98,66.03,57.22
19년03월01일,66.56,65.07,55.80
19년03월04일,65.36,65.67,56.59
19년03월05일,65.73,65.86,56.56
19년03월06일,65.85,65.99,56.22
19년03월07일,66.47,66.30,56.66
19년03월08일,65.77,65.74,56.07
19년03월11일,66.81,66.58,56.79
19년03월12일,67.15,66.67,56.87
19년03월13일,67.22,67.55,58.26
19년03월14일,68.17,67.23,58.61
19년03월15일,67.71,67.16,58.52
19년03월18일,67.32,67.54,59.09
19년03월19일,67.63,67.61,59.03
19년03월20일,67.67,68.50,59.83
19년03월21일,68.23,67.86,59.98
19년03월22일,67.46,67.03,59.04
19년03월25일,66.34,67.21,58.82
19년03월26일,67.17,67.97,59.94
19년03월27일,67.37,67.83,59.41
19년03월28일,66.56,67.82,59.30
19년03월29일,67.23,68.39,60.14
19년04월01일,68.23,69.01,61.59
19년04월02일,68.81,69.37,62.58
19년04월03일,69.43,69.31,62.46
19년04월04일,68.67,69.40,62.10
19년04월05일,68.82,70.34,63.08
19년04월08일,70.29,71.10,64.40
19년04월09일,70.53,70.61,63.98
19년04월10일,70.08,71.73,64.61
19년04월11일,70.52,70.83,63.58
19년04월12일,70.10,71.55,63.89
19년04월15일,70.32,71.18,63.40
19년04월16일,70.21,71.72,64.05
19년04월17일,71.33,71.62,63.76
19년04월18일,71.07,71.97,64.00
19년04월22일,73.36,74.04,65.70
19년04월23일,73.77,74.51,66.30
19년04월24일,73.67,74.57,65.89
19년04월25일,74.46,74.35,65.21
19년04월26일,73.45,72.15,63.30
19년04월29일,71.09,72.04,63.50
19년04월30일,71.63,72.80,63.91
19년05월01일,-,72.18,63.60
19년05월02일,71.43,70.75,61.81
19년05월03일,69.93,70.85,61.94
19년05월06일,69.22,71.24,62.25
19년05월07일,70.29,69.88,61.40
19년05월08일,69.28,70.37,62.12
19년05월09일,69.09,70.39,61.70
19년05월10일,70.10,70.62,61.66
19년05월13일,70.97,70.23,61.04
19년05월14일,69.70,71.24,61.78
19년05월15일,70.46,71.77,62.02
19년05월16일,72.04,72.62,62.87
19년05월17일,72.46,72.21,62.76
19년05월20일,-,71.97,63.10
19년05월21일,71.64,72.18,62.99
19년05월22일,71.23,70.99,61.42
19년05월23일,69.22,67.76,57.91
19년05월24일,66.73,68.69,58.63
19년05월27일,66.88,70.11,-
19년05월28일,68.31,70.11,59.14
19년05월29일,67.13,69.45,58.81
19년05월30일,67.12,66.87,56.59
19년05월31일,63.83,64.49,53.50
19년06월03일,60.17,61.28,53.25
19년06월04일,60.03,61.97,53.48
19년06월05일,-,60.63,51.68
19년06월06일,59.37,61.67,52.59
19년06월07일,61.20,63.29,53.99
19년06월10일,61.92,62.29,53.26
